"Time_Iter","Outer_Iter","Inner_Iter",    "rms[Rho]"    ,    "rms[RhoU]"   ,    "rms[RhoV]"   ,    "rms[RhoW]"   ,    "rms[RhoE]"   ,  "Avg_Massflow"  ,  "Avg_Massflow"  ,    "Avg_Mach"    ,    "Avg_Temp"    ,    "Avg_Press"   ,    "Avg_Press"   ,   "Avg_Density"  ,  "Avg_Enthalpy"  ,  "Avg_NormalVel" ,   "Uniformity"   ,"Secondary_Strength","Momentum_Distortion","Secondary_Over_Uniformity",  "Avg_TotalTemp" ,  "Avg_TotalTemp" , "Avg_TotalPress" , "Avg_TotalPress" ,"Avg_Massflow(HUB)", "Avg_Press(HUB)" ,"Avg_TotalTemp(HUB)","Avg_TotalPress(HUB)"
          0,           0,           0,       -6.39745952,       -15.7684776,       -4.10587878,      -4.211834019,     -0.9308114439,  -7.916897999e-12,  -7.916897999e-12,     0.08639058366,       288.1401872,       91513.36969,       91513.36969,       1.106397175,       289927.4304,   4.114439947e-05,      0.2777373238,         29.39881435,          45566642.31,                105.8511472,       288.5702844,       288.5702844,       91992.35873,       91992.35873,   -7.916897999e-12,       91513.36969,         288.5702844,          91992.35873
          0,           0,           1,      -6.477852422,        -5.9224748,      -4.306698885,      -4.371327865,      -1.011146436,   -2.20819129e-09,   -2.20819129e-09,     0.08638943265,       288.1486685,       91522.29217,       91522.29217,       1.106472477,       289935.9528,  -9.817598968e-06,       0.277737711,         29.39845723,          800311628.8,                105.8497138,       288.5787669,       288.5787669,       92001.31511,       92001.31511,    -2.20819129e-09,       91522.29217,         288.5787669,          92001.31511
          0,           0,           2,       -6.54482176,      -5.816219342,      -4.467222767,      -4.500960321,      -1.078382477,  -3.896900981e-09,  -3.896900981e-09,     0.08638834592,       288.1566773,       91530.94497,       91530.94497,       1.106546328,       289944.0004,  -4.854831771e-05,      0.2777380767,         29.39753732,          32728225.85,                105.8462623,       288.5867768,       288.5867768,       92010.00112,       92010.00112,   -3.896900981e-09,       91530.94497,         288.5867768,          92010.00112
          0,           0,           3,       -6.61334898,      -5.835837563,      -4.458631278,      -4.558383327,      -1.147140346,  -5.213056037e-09,  -5.213056037e-09,     0.08638752915,       288.1640511,       91539.09114,       91539.09114,       1.106616488,       289951.4118,  -7.933983442e-05,      0.2777390041,         29.39616063,          12254374.06,                105.8409521,       288.5941535,       288.5941535,       92018.18085,       92018.18085,   -5.213056037e-09,       91539.09114,         288.5941535,          92018.18085
          0,           0,           4,      -6.687994009,      -5.900600187,      -4.387545658,      -4.559085111,      -1.222034489,  -6.206369224e-09,  -6.206369224e-09,     0.08638696094,       288.1706515,       91546.54599,       91546.54599,       1.106681259,       289958.0475,  -0.0001029327879,      0.2777403577,         29.39442198,          7280654.965,                105.8341763,       288.6007582,       288.6007582,        92025.6684,        92025.6684,   -6.206369224e-09,       91546.54599,         288.6007582,           92025.6684
          0,           0,           5,       -6.76704518,      -5.959240256,       -4.34127317,      -4.544798248,      -1.301299972,  -6.936952427e-09,  -6.936952427e-09,     0.08638662449,       288.1763827,       91553.17135,       91553.17135,       1.106739338,       289963.8108,  -0.0001208675124,      0.2777420375,         29.39240187,          5280365.496,                105.8262629,       288.6064945,       288.6064945,        92032.3247,        92032.3247,   -6.936952427e-09,       91553.17135,         288.6064945,           92032.3247
          0,           0,           6,      -6.842563162,      -5.962857238,      -4.326636182,      -4.537100757,      -1.376885421,  -7.443134243e-09,  -7.443134243e-09,     0.08638650202,       288.1811784,       91558.86784,       91558.86784,       1.106789779,       289968.6351,  -0.0001340703269,      0.2777439545,         29.39016965,          4291645.013,                105.8174955,       288.6112962,       288.6112962,       92038.04964,       92038.04964,   -7.443134243e-09,       91558.86784,         288.6112962,          92038.04964
          0,           0,           7,      -6.903107724,      -5.918537164,      -4.337096249,      -4.540163328,      -1.437279047,  -7.752337585e-09,  -7.752337585e-09,     0.08638650247,       288.1850824,       91563.66054,       91563.66054,       1.106832719,       289972.5633,  -0.0001425337545,       0.277745837,         29.38777957,          3797165.721,                 105.808173,        288.615206,        288.615206,       92042.86743,       92042.86743,   -7.752337585e-09,       91563.66054,          288.615206,          92042.86743
          0,           0,           8,      -6.943164928,      -5.869814725,      -4.364315423,      -4.553372841,      -1.476985911,  -7.919867485e-09,  -7.919867485e-09,     0.08638659335,       288.1881681,       91567.60686,       91567.60686,        1.10686857,       289975.6691,  -0.0001474544219,       0.277747616,         29.38527825,          3548010.985,                105.7984895,       288.6182972,       288.6182972,       92046.83541,       92046.83541,   -7.919867485e-09,       91567.60686,         288.6182972,          92046.83541
          0,           0,           9,      -6.963006257,      -5.840701366,      -4.403514056,      -4.572998715,      -1.496378766,  -7.992671104e-09,  -7.992671104e-09,     0.08638677292,       288.1904953,        91570.7522,        91570.7522,       1.106897652,       289978.0125,  -0.0001498512594,      0.2777493147,         29.38269455,          3435461.382,                105.7885402,       288.6206297,       288.6206297,       92049.99921,       92049.99921,   -7.992671104e-09,        91570.7522,         288.6206297,          92049.99921
          0,           0,          10,      -6.971136838,      -5.834065616,      -4.448475444,      -4.595384708,      -1.504073496,  -8.010419743e-09,  -8.010419743e-09,     0.08638700761,         288.19215,       91573.17225,       91573.17225,       1.106920549,       289979.6799,  -0.0001504476989,      0.2777508666,         29.38003612,          3408314.158,                105.7783778,       288.6222892,       288.6222892,       92052.43453,       92052.43453,   -8.010419743e-09,       91573.17225,         288.6222892,          92052.43453
          0,           0,          11,      -6.976945626,      -5.844940046,      -4.492264907,      -4.617507564,      -1.509474267,  -8.013953252e-09,  -8.013953252e-09,     0.08638725462,       288.1932528,       91574.97991,       91574.97991,       1.106938164,       289980.7919,  -0.0001501169347,      0.2777521922,         29.37728906,          3423382.988,                105.7679827,        288.623396,        288.623396,        92054.2544,        92054.2544,   -8.013953252e-09,       91574.97991,          288.623396,           92054.2544
          0,           0,          12,      -6.988163932,      -5.868315108,      -4.528449736,       -4.63757299,      -1.520305914,  -8.038465143e-09,  -8.038465143e-09,     0.08638753874,       288.1938612,        91576.2327,        91576.2327,        1.10695097,       289981.4069,  -0.0001502044679,       0.277753399,         29.37446372,          3419423.839,                 105.757351,       288.6240082,       288.6240082,        92055.5169,        92055.5169,   -8.038465143e-09,        91576.2327,         288.6240082,           92055.5169
          0,           0,          13,      -7.006595687,      -5.896061021,      -4.554672739,       -4.65478386,      -1.538374867,  -8.082701822e-09,  -8.082701822e-09,     0.08638784795,       288.1940238,       91576.99023,       91576.99023,       1.106959502,       289981.5736,   -0.000150726371,      0.2777544715,         29.37157896,          3395810.955,                105.7465567,       288.6241741,       288.6241741,       92056.28183,       92056.28183,   -8.082701822e-09,       91576.99023,         288.6241741,          92056.28183
          0,           0,          14,      -7.031346515,       -5.92107422,      -4.572319626,      -4.669253286,      -1.562792299,  -8.143295999e-09,  -8.143295999e-09,     0.08638815471,       288.1938163,       91577.33793,       91577.33793,       1.106964501,       289981.3679,  -0.0001517535985,      0.2777553579,         29.36864239,            3350015.1,                105.7356467,       288.6239694,       288.6239694,       92056.63477,       92056.63477,   -8.143295999e-09,       91577.33793,         288.6239694,          92056.63477
          0,           0,          15,      -7.059727154,       -5.93830656,      -4.585467339,      -4.681549756,      -1.590891789,  -8.209731114e-09,  -8.209731114e-09,     0.08638844746,       288.1933128,       91577.36123,       91577.36123,       1.106966716,       289980.8643,  -0.0001530679167,      0.2777560565,         29.36566515,          3292748.804,                105.7246618,       288.6234681,       288.6234681,       92056.66145,       92056.66145,   -8.209731114e-09,       91577.36123,         288.6234681,          92056.66145
          0,           0,          16,      -7.087876979,      -5.946987429,      -4.598711367,        -4.6923529,       -1.61884041,  -8.272587968e-09,  -8.272587968e-09,     0.08638871743,       288.1925852,        91577.1427,        91577.1427,       1.106966869,       289980.1348,  -0.0001544590664,      0.2777565739,         29.36266088,          3233715.052,                105.7136487,       288.6227421,       288.6227421,       92056.44477,       92056.44477,   -8.272587968e-09,        91577.1427,         288.6227421,          92056.44477
          0,           0,          17,      -7.111279673,      -5.950028629,      -4.614609521,      -4.701878476,      -1.642176746,   -8.32421778e-09,   -8.32421778e-09,     0.08638895875,       288.1917004,       91576.75894,       91576.75894,       1.106965629,       289979.2469,  -0.0001557550252,      0.2777569234,         29.35964477,          3180134.692,                105.7026569,       288.6218583,       288.6218583,       92056.06168,       92056.06168,    -8.32421778e-09,       91576.75894,         288.6218583,          92056.06168
          0,           0,          18,      -7.128347059,      -5.952239117,      -4.634634345,      -4.710974558,      -1.659337512,  -8.358476931e-09,  -8.358476931e-09,     0.08638916991,       288.1907156,       91576.27602,       91576.27602,       1.106963574,       289978.2581,  -0.0001568345776,      0.2777571278,         29.35663424,          3136509.808,                105.6917404,       288.6208742,       288.6208742,       92055.57858,       92055.57858,   -8.358476931e-09,       91576.27602,         288.6208742,          92055.57858
          0,           0,          19,      -7.138157177,      -5.956727466,      -4.660427521,      -4.720374276,      -1.669406708,  -8.369527251e-09,  -8.369527251e-09,      0.0863893504,       288.1896792,       91575.74999,       91575.74999,       1.106961197,       289977.2171,  -0.0001575787646,      0.2777572087,          29.3536484,          3106956.378,                105.6809598,        288.619838,        288.619838,       92055.05181,       92055.05181,   -8.369527251e-09,       91575.74999,          288.619838,          92055.05181
          0,           0,          20,      -7.141247095,      -5.963753889,      -4.693003802,      -4.730611651,      -1.672862006,  -8.352021711e-09,  -8.352021711e-09,     0.08638950043,       288.1886312,       91575.22772,       91575.22772,       1.106958909,       289976.1641,  -0.0001578799836,       0.277757186,         29.35070771,          3095111.665,                105.6703811,       288.6187899,       288.6187899,       92054.52847,       92054.52847,   -8.352021711e-09,       91575.22772,         288.6187899,          92054.52847
          0,           0,          21,      -7.140056874,      -5.974244285,      -4.731788614,      -4.741803883,      -1.672064254,  -8.300991389e-09,  -8.300991389e-09,     0.08638962124,       288.1876036,       91574.74709,       91574.74709,       1.106957047,       289975.1313,  -0.0001576473586,      0.2777570793,         29.34783455,          3104250.335,                105.6600776,        288.617762,        288.617762,       92054.04667,       92054.04667,   -8.300991389e-09,       91574.74709,          288.617762,          92054.04667
          0,           0,          22,      -7.137827248,      -5.988818821,      -4.774045286,      -4.753722003,      -1.670187671,  -8.211333474e-09,  -8.211333474e-09,     0.08638971343,       288.1866224,       91574.33933,       91574.33933,       1.106955887,        289974.145,  -0.0001567768163,      0.2777569029,         29.34505256,          3138816.316,                105.6501288,       288.6167803,       288.6167803,        92053.6378,        92053.6378,   -8.211333474e-09,       91574.33933,         288.6167803,           92053.6378
          0,           0,          23,      -7.137354539,      -6.007563773,      -4.815113869,      -4.765911524,      -1.669985106,  -8.078380586e-09,  -8.078380586e-09,     0.08638977607,       288.1857108,       91574.03204,       91574.03204,       1.106955675,       289973.2284,  -0.0001551675009,       0.277756665,         29.34238636,          3204256.778,                105.6406202,       288.6158679,       288.6158679,        92053.3296,        92053.3296,   -8.078380586e-09,       91574.03204,         288.6158679,           92053.3296
          0,           0,          24,      -7.140706217,       -6.02986881,      -4.848133367,       -4.77780233,      -1.673503295,  -7.898165405e-09,  -7.898165405e-09,     0.08638980725,       288.1848906,       91573.85099,       91573.85099,       1.106956638,       289972.4034,  -0.0001527312197,        0.27775637,          29.3398612,          3307290.051,                105.6316411,       288.6150468,       288.6150468,       92053.14795,       92053.14795,   -7.898165405e-09,       91573.85099,         288.6150468,          92053.14795
          0,           0,          25,      -7.149124469,      -6.054136547,      -4.866310469,      -4.788841246,      -1.681975914,  -7.667446944e-09,  -7.667446944e-09,      0.0863898044,       288.1841834,       91573.82118,       91573.82118,       1.106958995,       289971.6918,   -0.000149383866,      0.2777560201,          29.3375023,          3457159.738,                105.6232815,       288.6143385,       288.6143385,       92053.11796,       92053.11796,   -7.667446944e-09,       91573.82118,         288.6143385,          92053.11796
          0,           0,          26,       -7.16321176,      -6.078042582,      -4.866949534,      -4.798643091,      -1.696000308,  -7.384219792e-09,  -7.384219792e-09,     0.08638976301,       288.1836133,       91573.96933,       91573.96933,       1.106962976,       289971.1177,  -0.0001450505663,      0.2777556123,         29.33533346,          3666795.675,                105.6156281,       288.6137672,       288.6137672,       92053.26642,       92053.26642,   -7.384219792e-09,       91573.96933,         288.6137672,          92053.26642
          0,           0,          27,      -7.182866232,      -6.098776367,      -4.853596795,      -4.807085709,      -1.715469335,  -7.048458596e-09,  -7.048458596e-09,     0.08638967779,       288.1832074,       91574.32443,       91574.32443,       1.106968829,       289970.7085,  -0.0001396911119,      0.2777551428,         29.33337616,          3953543.842,                105.6087598,       288.6133598,       288.6133598,       92053.62243,       92053.62243,   -7.048458596e-09,       91574.32443,         288.6133598,          92053.62243
          0,           0,          28,      -7.207195015,      -6.113808237,      -4.833578938,      -4.814392761,      -1.739485907,  -6.662253036e-09,  -6.662253036e-09,     0.08638954353,       288.1829951,       91574.91705,       91574.91705,        1.10697681,       289970.4935,   -0.000133309518,      0.2777546088,         29.33164892,          4341103.414,                105.6027442,       288.6131459,       288.6131459,       92054.21666,       92054.21666,   -6.662253036e-09,       91574.91705,         288.6131459,          92054.21666
          0,           0,          29,      -7.234544901,      -6.121941844,      -4.813623294,      -4.821078576,      -1.766405142,  -6.229568942e-09,  -6.229568942e-09,     0.08638935426,       288.1830085,       91575.77988,       91575.77988,        1.10698719,       289970.5051,  -0.0001259390156,      0.2777540068,         29.33016611,          4864071.919,                105.5976346,       288.6131574,       288.6131574,        92055.0819,        92055.0819,   -6.229568942e-09,       91575.77988,         288.6131574,           92055.0819
          0,           0,          30,      -7.262232007,      -6.123808359,      -4.798109427,      -4.827850084,      -1.793593903,  -5.756569714e-09,  -5.756569714e-09,     0.08638910428,       288.1832817,       91576.94685,       91576.94685,       1.107000249,       289970.7775,  -0.0001176577007,      0.2777533348,          29.3289372,          5572855.368,                105.5934656,       288.6134285,       288.6134285,        92056.2522,        92056.2522,   -5.756569714e-09,       91576.94685,         288.6134285,           92056.2522
          0,           0,          31,      -7.286961719,      -6.121552066,      -4.789382304,      -4.835469146,      -1.817851759,  -5.251426032e-09,  -5.251426032e-09,     0.08638878984,        288.183848,       91578.45031,       91578.45031,       1.107016249,       289971.3441,  -0.0001086010566,      0.2777525968,         29.32796654,          6541059.333,                105.5902515,       288.6139925,       288.6139925,       92057.76003,       92057.76003,   -5.251426032e-09,       91578.45031,         288.6139925,          92057.76003
          0,           0,          32,      -7.305430884,      -6.117904964,      -4.788300327,      -4.844701043,      -1.836015166,  -4.723268546e-09,  -4.723268546e-09,     0.08638840857,        288.184738,       91580.31945,       91580.31945,       1.107035426,       289972.2358,  -9.892762698e-05,      0.2777517999,         29.32725306,          7882764.019,                105.5879856,       288.6148801,       288.6148801,       92059.63472,       92059.63472,   -4.723268546e-09,       91580.31945,         288.6148801,          92059.63472
          0,           0,          33,      -7.315336297,      -6.115399759,       -4.79483178,      -4.856158347,      -1.845904186,   -4.18192089e-09,   -4.18192089e-09,     0.08638795982,       288.1859779,       91582.57857,       91582.57857,       1.107057973,       289973.4789,  -8.882470128e-05,      0.2777509546,         29.32679087,          9777854.372,                105.5866429,       288.6161173,       288.6161173,       92061.90067,       92061.90067,    -4.18192089e-09,       91582.57857,         288.6161173,          92061.90067
          0,           0,          34,      -7.316391221,      -6.115765241,       -4.80869037,      -4.870290349,      -1.847262974,  -3.637062801e-09,  -3.637062801e-09,     0.08638744673,       288.1875855,       91585.24316,       91585.24316,       1.107084008,       289975.0914,   -7.84861122e-05,      0.2777500796,         29.32656975,          12523413.37,                105.5861795,       288.6177223,       288.6177223,       92064.57351,       92064.57351,   -3.637062801e-09,       91585.24316,         288.6177223,          92064.57351
          0,           0,          35,      -7.310384304,      -6.120106147,      -4.829365095,      -4.887377603,      -1.841810145,  -3.097738191e-09,  -3.097738191e-09,     0.08638687735,       288.1895658,       91588.31529,       91588.31529,       1.107113537,       289977.0783,  -6.807932012e-05,      0.2777492032,         29.32657626,          16644670.32,                105.5865361,       288.6196998,       288.6196998,       92067.65539,       92067.65539,   -3.097738191e-09,       91588.31529,         288.6196998,          92067.65539
          0,           0,          36,      -7.300256714,      -6.128895054,      -4.855857402,      -4.907599824,      -1.832369915,  -2.573123736e-09,  -2.573123736e-09,     0.08638626232,         288.19191,       91591.78281,       91591.78281,       1.107146448,       289979.4308,  -5.778289937e-05,      0.2777483553,         29.32679459,          23104911.74,                105.5876444,       288.6220414,       288.6220414,       92071.13421,       92071.13421,   -2.573123736e-09,       91591.78281,         288.6220414,          92071.13421
          0,           0,          37,      -7.289008343,      -6.142176965,      -4.886272477,      -4.931012189,      -1.821838787,  -2.072069636e-09,  -2.072069636e-09,     0.08638561093,       288.1946003,        91595.6237,        91595.6237,       1.107182541,       289982.1314,  -4.782120218e-05,      0.2777475573,          29.3272042,          33733352.46,                105.5894226,       288.6247293,       288.6247293,       92074.98796,       92074.98796,   -2.072069636e-09,        91595.6237,         288.6247293,          92074.98796
          0,           0,          38,       -7.27896271,      -6.159623663,      -4.918000193,      -4.957316823,      -1.812470488,   -1.60033442e-09,   -1.60033442e-09,     0.08638493676,       288.1976057,       91599.80218,       91599.80218,       1.107221504,       289985.1486,  -3.834224205e-05,      0.2777468378,         29.32778339,          52473886.17,                105.5917814,       288.6277324,       288.6277324,       92079.18082,       92079.18082,    -1.60033442e-09,       91599.80218,         288.6277324,          92079.18082
          0,           0,          39,      -7.271721446,      -6.180577394,      -4.947268525,      -4.986140688,      -1.805840388,  -1.161556738e-09,  -1.161556738e-09,     0.08638425733,       288.2008794,       91604.26642,       91604.26642,       1.107262889,       289988.4358,  -2.946145022e-05,      0.2777462306,         29.32851065,          88876736.79,                105.5946307,       288.6310042,       288.6310042,       92083.66086,       92083.66086,   -1.161556738e-09,       91604.26642,         288.6310042,          92083.66086
          0,           0,          40,       -7.26824863,      -6.204118244,      -4.969359751,      -5.016880872,      -1.802906202,  -7.568688916e-10,  -7.568688916e-10,     0.08638359144,       288.2043604,       91608.94977,       91608.94977,       1.107306125,       289991.9317,  -2.123337743e-05,      0.2777457667,         29.32936519,          171102649.6,                105.5978838,       288.6344837,       288.6344837,       92088.36132,       92088.36132,   -7.568688916e-10,       91608.94977,         288.6344837,          92088.36132
          0,           0,          41,      -7.269087044,      -6.228951858,      -4.979992615,      -5.048677225,       -1.80421252,  -3.856309681e-10,  -3.856309681e-10,     0.08638296547,       288.2079677,       91613.76412,       91613.76412,       1.107350458,       289995.5551,   -1.37308288e-05,      0.2777454921,         29.33032871,          409166936.5,                105.6014572,       288.6380902,       288.6380902,        92093.1939,        92093.1939,   -3.856309681e-10,       91613.76412,         288.6380902,           92093.1939
          0,           0,          42,      -7.274442109,       -6.25345275,      -4.977087397,      -5.080490512,      -1.809975266,  -4.268467282e-11,  -4.268467282e-11,     0.08638240041,       288.2116097,       91618.61024,       91618.61024,       1.107395041,       289999.2141,  -6.868205087e-06,        0.27774543,         29.33138525,           1635337266,                105.6052849,        288.641732,        288.641732,        92098.0591,        92098.0591,   -4.268467282e-11,       91618.61024,          288.641732,           92098.0591
          0,           0,          43,      -7.284293619,      -6.275862447,      -4.962156837,      -5.111027142,       -1.82018439,   2.777299588e-10,   2.777299588e-10,     0.08638191374,       288.2151907,       91623.38428,       91623.38428,       1.107438985,       290002.8125,  -5.133206574e-07,      0.2777455905,         29.33252144,      2.927634538e+11,                105.6093146,       288.6453136,       288.6453136,       92102.85271,       92102.85271,    2.777299588e-10,       91623.38428,         288.6453136,          92102.85271
          0,           0,          44,       -7.29848276,      -6.294368473,      -4.939300047,      -5.138842943,      -1.834687594,   5.800952909e-10,   5.800952909e-10,     0.08638152112,       288.2186147,       91627.98086,       91627.98086,       1.107481387,       290006.2538,   5.448569325e-06,      0.2777459778,         29.33372608,           2598547108,                105.6135045,       288.6487388,       288.6487388,       92107.46898,       92107.46898,    5.800952909e-10,       91627.98086,         288.6487388,          92107.46898
          0,           0,          45,      -7.316662029,      -6.307625566,      -4.913083037,      -5.162684624,      -1.853143031,   8.672674251e-10,   8.672674251e-10,     0.08638123659,       288.2217864,       91632.29514,       91632.29514,       1.107521346,       290009.4423,   1.109860245e-05,       0.277746591,         29.33498971,          626268954.4,                105.6178209,       288.6519123,       288.6519123,       92111.80267,       92111.80267,    8.672674251e-10,       91632.29514,         288.6519123,          92111.80267
          0,           0,          46,      -7.338274337,       -6.31516625,      -4.887099116,      -5.181762476,      -1.874995117,   1.140640109e-09,   1.140640109e-09,      0.0863810721,       288.2246135,       91636.22518,       91636.22518,       1.107557983,       290012.2853,   1.648696724e-05,      0.2777474243,         29.33630423,          283804010.8,                105.6222369,       288.6547421,       288.6547421,       92115.75144,       92115.75144,    1.140640109e-09,       91636.22518,         288.6547421,          92115.75144
          0,           0,          47,      -7.362412708,      -6.317459351,      -4.863739305,      -5.195744346,       -1.89933333,   1.400331225e-09,   1.400331225e-09,     0.08638103604,       288.2270107,       91639.67584,       91639.67584,       1.107590478,        290014.697,    2.16389083e-05,      0.2777484633,          29.3376622,          164752735.4,                105.6267309,       288.6571425,       288.6571425,       92119.21976,       92119.21976,    1.400331225e-09,       91639.67584,         288.6571425,          92119.21976
          0,           0,          48,      -7.387735869,      -6.315658615,      -4.844472732,      -5.204920762,      -1.924805501,   1.645236089e-09,   1.645236089e-09,     0.08638113627,       288.2288973,         91642.558,         91642.558,       1.107618063,       290016.5963,   2.658408306e-05,      0.2777496947,         29.33905919,          109160070.1,                105.6312923,       288.6590328,       288.6590328,       92122.11812,       92122.11812,    1.645236089e-09,         91642.558,         288.6590328,          92122.11812
          0,           0,          49,      -7.412461826,       -6.31148756,      -4.830059628,      -5.209851053,      -1.949609972,   1.871570178e-09,   1.871570178e-09,     0.08638137469,       288.2302047,       91644.79528,       91644.79528,        1.10764008,       290017.9142,     3.1217333e-05,      0.2777510913,         29.34049066,          79162581.54,                 105.635915,       288.6603446,       288.6603446,       92124.36976,       92124.36976,    1.871570178e-09,       91644.79528,         288.6603446,          92124.36976
          0,           0,          50,      -7.434446129,       -6.30674029,      -4.820827384,      -5.211318282,      -1.971580432,   2.077371942e-09,   2.077371942e-09,     0.08638174626,       288.2308826,       91646.33041,       91646.33041,       1.107656029,          290018.6,   3.548553079e-05,      0.2777526129,         29.34194947,           61265176.3,                105.6405884,       288.6610272,       288.6610272,       92125.91706,       92125.91706,    2.077371942e-09,       91646.33041,         288.6610272,          92125.91706
          0,           0,          51,      -7.451587031,      -6.302961426,       -4.81683222,      -5.209912327,      -1.988596456,   2.261554465e-09,   2.261554465e-09,     0.08638224575,       288.2308953,       91647.12203,       91647.12203,       1.107665548,       290018.6177,   3.938463165e-05,      0.2777542252,         29.34342797,          49735646.04,                105.6452983,       288.6610449,       288.6610449,       92126.71838,       92126.71838,    2.261554465e-09,       91647.12203,         288.6610449,          92126.71838
          0,           0,          52,      -7.462353549,      -6.301443476,      -4.817977977,      -5.206077823,      -1.999119727,   2.422165059e-09,   2.422165059e-09,     0.08638286507,       288.2302224,       91647.14554,       91647.14554,       1.107668419,       290017.9469,   4.289510627e-05,      0.2777558926,         29.34491826,          41928667.04,                105.6500295,       288.6603772,       288.6603772,        92126.7489,        92126.7489,    2.422165059e-09,       91647.14554,         288.6603772,           92126.7489
          0,           0,          53,      -7.466405373,      -6.303067258,       -4.82403095,      -5.199892427,      -2.002820831,   2.556343936e-09,   2.556343936e-09,     0.08638359261,       288.2288604,       91646.39452,       91646.39452,       1.107664576,       290016.5837,   4.596894812e-05,      0.2777575758,         29.34641247,          36509230.71,                105.6547689,       288.6590203,       288.6590203,       92126.00205,       92126.00205,    2.556343936e-09,       91646.39452,         288.6590203,          92126.00205
          0,           0,          54,      -7.464819388,      -6.308512291,      -4.834618572,      -5.191286719,      -2.000807587,   2.660933534e-09,   2.660933534e-09,     0.08638441291,       288.2268233,       91644.88243,       91644.88243,       1.107654129,       290014.5422,   4.854822023e-05,       0.277759232,         29.34790228,          32733343.31,                105.6595025,       288.6569884,       288.6569884,       92124.49116,       92124.49116,    2.660933534e-09,       91644.88243,         288.6569884,          92124.49116
          0,           0,          55,      -7.459408949,       -6.31812728,      -4.849196203,      -5.180365829,      -1.994922771,   2.732708774e-09,   2.732708774e-09,     0.08638530804,        288.224143,       91642.64227,       91642.64227,       1.107637354,       290011.8542,    5.05662766e-05,      0.2777608188,         29.34937911,           30173104.8,                105.6642158,        288.654313,        288.654313,       92122.24924,       92122.24924,    2.732708774e-09,       91642.64227,          288.654313,          92122.24924
          0,           0,          56,      -7.452294648,      -6.331934271,      -4.867002142,      -5.167286153,      -1.987302318,   2.768772112e-09,   2.768772112e-09,     0.08638625871,       288.2208669,       91639.72503,       91639.72503,       1.107614684,       290008.5673,    5.19525693e-05,       0.277762297,         29.35083441,             28584626,                105.6688929,       288.6510415,       288.6510415,       92119.32731,       92119.32731,    2.768772112e-09,       91639.72503,         288.6510415,          92119.32731
          0,           0,          57,      -7.445413014,      -6.349632328,       -4.88699134,      -5.152319234,      -1.979882724,   2.767087237e-09,   2.767087237e-09,     0.08638724827,       288.2170525,        91636.1934,        91636.1934,       1.107586657,       290004.7392,   5.261840906e-05,      0.2777636409,          29.3522604,          27866046.09,                105.6735155,       288.6472313,       288.6472313,        92115.7882,        92115.7882,    2.767087237e-09,        91636.1934,         288.6472313,           92115.7882
          0,           0,          58,      -7.440228345,      -6.370460009,      -4.907841862,      -5.135872406,      -1.974114321,   2.728304738e-09,   2.728304738e-09,     0.08638825659,       288.2127694,       91632.12419,       91632.12419,       1.107553932,       290000.4396,   5.256151129e-05,       0.277764819,         29.35364995,          27926645.56,                105.6780699,       288.6429518,       288.6429518,       92111.70891,       92111.70891,    2.728304738e-09,       91632.12419,         288.6429518,          92111.70891
          0,           0,          59,      -7.437735864,      -6.393027958,       -4.92798688,      -5.118478675,      -1.970969035,   2.653844168e-09,   2.653844168e-09,     0.08638926205,       288.2080992,       91627.60803,       91627.60803,       1.107517291,       289995.7505,   5.181159718e-05,      0.2777658013,         29.35499649,          28741112.36,                105.6825439,       288.6382847,       288.6382847,        92107.1803,        92107.1803,    2.653844168e-09,       91627.60803,         288.6382847,           92107.1803
          0,           0,          60,      -7.438499738,      -6.415194841,      -4.945764495,      -5.100717092,      -1.970983319,   2.544956595e-09,   2.544956595e-09,     0.08639024457,        288.203132,       91622.74519,       91622.74519,         1.1074776,       289990.7624,   5.039108384e-05,      0.2777665667,         29.35629398,          30384530.37,                105.6869238,       288.6333198,       288.6333198,       92102.30293,       92102.30293,    2.544956595e-09,       91622.74519,         288.6333198,          92102.30293
          0,           0,          61,      -7.442707532,      -6.434288996,      -4.959723505,      -5.083147124,      -1.974314882,    2.40294416e-09,    2.40294416e-09,     0.08639118609,       288.1979628,       91617.64154,       91617.64154,       1.107435773,       289985.5705,   4.831999752e-05,      0.2777671027,         29.35753656,          33045155.37,                105.6911933,       288.6281523,       288.6281523,       92097.18304,       92097.18304,     2.40294416e-09,       91617.64154,         288.6281523,          92097.18304
          0,           0,          62,      -7.450209804,       -6.44737648,      -4.968993848,      -5.066283515,      -1.980784996,   2.229337856e-09,   2.229337856e-09,     0.08639207244,       288.1926859,       91612.40275,       91612.40275,       1.107392724,       289980.2697,   4.560712348e-05,      0.2777674094,         29.35871942,          37093447.79,                105.6953351,       288.6228763,       288.6228763,       92091.92669,       92091.92669,    2.229337856e-09,       91612.40275,         288.6228763,          92091.92669
          0,           0,          63,      -7.460535258,      -6.452102543,      -4.973566629,      -5.050574685,      -1.989892524,   2.026724823e-09,   2.026724823e-09,     0.08639289162,       288.1873928,       91607.13175,       91607.13175,       1.107349347,        289974.952,   4.228917107e-05,      0.2777674923,         29.35983835,          43142417.89,                105.6993318,       288.6175835,       288.6175835,       92086.63721,       92086.63721,    2.026724823e-09,       91607.13175,         288.6175835,          92086.63721
          0,           0,          64,      -7.472854131,      -6.447710814,      -4.974248821,       -5.03639688,       -2.00080445,   1.798317344e-09,   1.798317344e-09,     0.08639363539,       288.1821685,       91601.92459,       91601.92459,       1.107306476,       289969.7027,   3.841217002e-05,      0.2777673658,          29.3608901,           52290735.1,                105.7031664,       288.6123588,       288.6123588,       92081.41107,       92081.41107,    1.798317344e-09,       91601.92459,         288.6123588,          92081.41107
          0,           0,          65,      -7.485975982,      -6.435403663,      -4.972398785,      -5.024059605,      -2.012364634,   1.548082281e-09,   1.548082281e-09,     0.08639429882,       288.1770883,       91596.86754,       91596.86754,       1.107264864,       289964.5977,   3.403537683e-05,      0.2777670505,         29.36187278,          66604001.38,                105.7068242,       288.6072776,       288.6072776,       92076.33492,       92076.33492,    1.548082281e-09,       91596.86754,         288.6072776,          92076.33492
          0,           0,          66,      -7.498387554,       -6.41775747,      -4.969570453,      -5.013807682,      -2.023138914,   1.280792295e-09,   1.280792295e-09,     0.08639487971,       288.1722175,        91592.0355,        91592.0355,       1.107225166,       289959.7024,   2.924534764e-05,      0.2777665705,         29.36278546,          90208273.81,                105.7102927,       288.6024053,       288.6024053,       92071.48404,       92071.48404,    1.280792295e-09,        91592.0355,         288.6024053,          92071.48404
          0,           0,          67,      -7.508378399,       -6.39771521,      -4.967193343,       -5.00582933,      -2.031555903,   1.001379232e-09,   1.001379232e-09,     0.08639537866,       288.1676093,       91587.49055,       91587.49055,       1.107187928,       289955.0707,   2.413792889e-05,      0.2777659538,         29.36362789,          132421351.1,                105.7135602,       288.5977953,       288.5977953,       92066.92086,       92066.92086,    1.001379232e-09,       91587.49055,         288.5977953,          92066.92086
          0,           0,          68,      -7.514332913,      -6.377818693,      -4.966428314,      -5.000271764,      -2.036182559,   7.146002521e-10,   7.146002521e-10,     0.08639580056,       288.1633031,       91583.27882,       91583.27882,       1.107153557,        289950.742,   1.878698105e-05,      0.2777652349,         29.36440088,          218595783.3,                105.7166168,       288.5934868,       288.5934868,       92062.69177,       92062.69177,    7.146002521e-10,       91583.27882,         288.5934868,          92062.69177
          0,           0,          69,       -7.51511406,      -6.359910626,      -4.968091593,       -4.99724004,      -2.036056149,   4.260355864e-10,   4.260355864e-10,     0.08639615447,        288.159321,       91579.42788,       91579.42788,       1.107122302,       289946.7387,   1.326517437e-05,      0.2777644535,         29.36510737,          438457401.8,                105.7194576,       288.5895023,       288.5895023,       92058.82461,       92058.82461,    4.260355864e-10,       91579.42788,         288.5895023,          92058.82461
          0,           0,          70,      -7.510382748,      -6.345180245,      -4.972639608,      -4.996796498,      -2.030941549,   1.429763402e-10,   1.429763402e-10,     0.08639644729,       288.1556737,       91575.95264,       91575.95264,       1.107094301,       289943.0717,   7.719293839e-06,      0.2777636371,         29.36575193,           1294778963,                105.7220889,       288.5858524,       288.5858524,       92055.33443,       92055.33443,    1.429763402e-10,       91575.95264,         288.5858524,          92055.33443
          0,           0,          71,      -7.500691499,       -6.33428137,      -4.980272744,      -4.998959316,      -2.021383314,  -1.278099319e-10,  -1.278099319e-10,     0.08639668591,       288.1523627,       91572.85759,       91572.85759,       1.107069604,       289939.7426,   2.301818133e-06,      0.2777628085,         29.36634048,      1.456150204e+10,                105.7245231,       288.5825389,       288.5825389,       92052.22582,       92052.22582,   -1.278099319e-10,       91572.85759,         288.5825389,          92052.22582
          0,           0,          72,       -7.48725734,      -6.327501967,      -4.990954941,      -5.003702906,      -2.008497462,  -3.809047003e-10,  -3.809047003e-10,     0.08639687774,       288.1493819,       91570.13783,       91570.13783,       1.107048175,       289936.7452,  -2.857121479e-06,      0.2777619887,         29.36687978,           9451227423,                105.7267768,       288.5795556,       288.5795556,       92049.49397,       92049.49397,   -3.809047003e-10,       91570.13783,         288.5795556,          92049.49397
          0,           0,          73,      -7.471580323,      -6.324845224,      -5.004427071,      -5.010960333,      -1.993641474,  -6.123967185e-10,  -6.123967185e-10,      0.0863970306,       288.1467181,       91567.78009,       91567.78009,       1.107029905,       289934.0664,  -7.656902265e-06,      0.2777611963,         29.36737699,           1315942582,                105.7288685,       288.5768893,       288.5768893,       92047.12558,       92047.12558,   -6.123967185e-10,       91567.78009,         288.5768893,          92047.12558
          0,           0,          74,      -7.455097171,      -6.326125784,      -5.020226582,      -5.020615586,       -1.97811657,  -8.198177199e-10,  -8.198177199e-10,     0.08639715234,        288.144352,        91565.7639,        91565.7639,        1.10701462,       289931.6868,  -1.202603353e-05,      0.2777604474,          29.3678392,          533452782.6,                105.7308176,       288.5745209,       288.5745209,       92045.10019,       92045.10019,   -8.198177199e-10,        91565.7639,         288.5745209,          92045.10019
          0,           0,          75,      -7.438975424,      -6.331004503,      -5.037702345,      -5.032503118,      -1.962988874,  -1.002034289e-09,  -1.002034289e-09,     0.08639725054,       288.1422599,       91564.06312,       91564.06312,       1.107002095,       289929.5827,  -1.591994682e-05,      0.2777597548,         29.36827303,          304407545.6,                105.7326431,       288.5724266,       288.5724266,        92043.3916,        92043.3916,   -1.002034289e-09,       91564.06312,         288.5724266,           92043.3916
          0,           0,          76,      -7.424051737,      -6.339008983,       -5.05603074,      -5.046402833,      -1.949031222,  -1.159149572e-09,  -1.159149572e-09,     0.08639733232,       288.1404144,       91562.64728,       91562.64728,       1.106992067,       289927.7266,  -1.932089427e-05,      0.2777591283,         29.36868416,          206672280.3,                105.7343618,       288.5705792,       288.5705792,       92041.96925,       92041.96925,   -1.159149572e-09,       91562.64728,         288.5705792,          92041.96925
          0,           0,          77,      -7.410851827,      -6.349553852,      -5.074258084,       -5.06204142,      -1.936736299,  -1.292312306e-09,  -1.292312306e-09,     0.08639740535,       288.1387847,       91561.48152,       91561.48152,       1.106984234,       289926.0876,  -2.224548996e-05,      0.2777585777,         29.36907797,          155901755.4,                105.7359892,       288.5689478,       288.5689478,        92040.7982,        92040.7982,   -1.292312306e-09,       91561.48152,         288.5689478,           92040.7982
          0,           0,          78,      -7.399645163,      -6.361960428,       -5.09138203,      -5.079102362,      -1.926362106,  -1.402933456e-09,  -1.402933456e-09,      0.0863974762,       288.1373376,       91560.52859,       91560.52859,       1.106978272,       289924.6321,  -2.471441755e-05,       0.277758108,         29.36945948,          126308543.5,                105.7375415,       288.5674992,       288.5674992,       92039.84108,       92039.84108,   -1.402933456e-09,       91560.52859,         288.5674992,          92039.84108
          0,           0,          79,      -7.390513152,      -6.375471654,      -5.106488243,      -5.097240902,      -1.917991212,  -1.492732357e-09,  -1.492732357e-09,     0.08639754941,       288.1360406,       91559.75184,       91559.75184,       1.106973864,       289923.3278,  -2.674583526e-05,      0.2777577183,         29.36983274,          107849947.3,                105.7390337,        288.566201,        288.566201,       92039.06107,       92039.06107,   -1.492732357e-09,       91559.75184,          288.566201,          92039.06107
          0,           0,          80,       -7.38340386,      -6.389302212,      -5.118860892,      -5.116104382,      -1.911579604,  -1.564180062e-09,  -1.564180062e-09,     0.08639762874,       288.1348627,       91559.11601,       91559.11601,       1.106970702,       289922.1435,  -2.837844508e-05,      0.2777574057,         29.37020083,          95797482.93,                 105.740478,       288.5650222,       288.5650222,        92038.4228,        92038.4228,   -1.564180062e-09,       91559.11601,         288.5650222,           92038.4228
          0,           0,          81,      -7.378179231,      -6.402746926,      -5.128081302,      -5.135361484,      -1.907000249,   -1.62015765e-09,   -1.62015765e-09,     0.08639771697,       288.1337752,       91558.58815,       91558.58815,       1.106968498,       289921.0501,  -2.966465815e-05,      0.2777571652,         29.37056595,          87670168.52,                 105.741884,       288.5639339,       288.5639339,       92037.89315,       92037.89315,    -1.62015765e-09,       91558.58815,         288.5639339,          92037.89315
          0,           0,          82,      -7.374656228,      -6.415243771,      -5.134032971,       -5.15474044,      -1.904081512,  -1.663636676e-09,  -1.663636676e-09,     0.08639781589,       288.1327522,       91558.13847,       91558.13847,       1.106966991,       289920.0217,  -3.065946929e-05,      0.2777569902,         29.37092939,          82073078.44,                105.7432591,       288.5629103,       288.5629103,       92037.44222,       92037.44222,   -1.663636676e-09,       91558.13847,         288.5629103,          92037.44222
          0,           0,          83,       -7.37263987,      -6.426422713,        -5.1368232,      -5.174066509,       -1.90263899,   -1.69763228e-09,   -1.69763228e-09,     0.08639792668,       288.1317707,       91557.74051,       91557.74051,       1.106965951,       289919.0352,  -3.141761778e-05,      0.2777568733,         29.37129137,          78159742.54,                105.7446068,       288.5619285,       288.5619285,       92037.04341,       92037.04341,    -1.69763228e-09,       91557.74051,         288.5619285,          92037.04341
          0,           0,          84,       -7.37195406,      -6.436161915,      -5.136645837,      -5.193289294,      -1.902505239,  -1.725260513e-09,  -1.725260513e-09,      0.0863980497,       288.1308113,       91557.37163,       91557.37163,       1.106965176,       289918.0712,  -3.199769329e-05,      0.2777568065,         29.37165108,          75351529.53,                105.7459273,       288.5609689,       288.5609689,       92036.67396,       92036.67396,   -1.725260513e-09,       91557.37163,         288.5609689,          92036.67396
          0,           0,          85,      -7.372465482,      -6.444567194,       -5.13365361,      -5.212483033,      -1.903553518,  -1.749634301e-09,  -1.749634301e-09,     0.08639818443,       288.1298586,       91557.01343,       91557.01343,       1.106964506,       289917.1139,  -3.246116883e-05,      0.2777567804,         29.37200678,          73215161.74,                105.7472179,       288.5600161,       288.5600161,       92036.31539,       92036.31539,   -1.749634301e-09,       91557.01343,         288.5600161,          92036.31539
          0,           0,          86,      -7.374105473,      -6.451879676,       -5.12786758,      -5.231864299,      -1.905718753,  -1.773706819e-09,  -1.773706819e-09,     0.08639832961,       288.1289009,       91556.65195,       91556.65195,       1.106963815,       289916.1516,  -3.286826217e-05,      0.2777567856,          29.3723559,          71412767.56,                105.7484729,       288.5590584,       288.5590584,       92035.95363,       92035.95363,   -1.773706819e-09,       91556.65195,         288.5590584,          92035.95363
          0,           0,          87,      -7.376878475,      -6.458376413,      -5.119182634,      -5.251754055,      -1.909006677,  -1.800178545e-09,  -1.800178545e-09,     0.08639848369,         288.12793,       91556.27727,       91556.27727,       1.106963015,       289915.1763,  -3.327693691e-05,       0.277756813,         29.37269526,          69669508.66,                105.7496842,       288.5580876,       288.5580876,       92035.57869,       92035.57869,   -1.800178545e-09,       91556.27727,         288.5580876,          92035.57869
          0,           0,          88,      -7.380861332,      -6.464240917,      -5.107448886,      -5.272531885,      -1.913493699,  -1.831364541e-09,  -1.831364541e-09,     0.08639864468,       288.1269414,       91555.88341,       91555.88341,       1.106962051,       289914.1832,  -3.373713846e-05,      0.2777568541,         29.37302111,           67781796.6,                105.7508417,       288.5570992,       288.5570992,       92035.18456,       92035.18456,   -1.831364541e-09,       91555.88341,         288.5570992,          92035.18456
          0,           0,          89,      -7.386202956,      -6.469459995,      -5.092598069,      -5.294590136,      -1.919326452,  -1.869235897e-09,  -1.869235897e-09,     0.08639881055,       288.1259334,       91555.46776,       91555.46776,       1.106960898,       289913.1705,  -3.429410178e-05,      0.2777569014,         29.37332936,          65598037.35,                105.7519335,       288.5560912,       288.5560912,       92034.76858,       92034.76858,   -1.869235897e-09,       91555.46776,         288.5560912,          92034.76858
          0,           0,          90,      -7.393112563,      -6.473763855,      -5.074738973,      -5.318292111,       -1.92671013,  -1.915326513e-09,  -1.915326513e-09,     0.08639897903,       288.1249067,       91555.03078,       91555.03078,       1.106959559,       289912.1392,  -3.498329389e-05,      0.2777569482,         29.37361566,          63038875.82,                105.7529464,       288.5550647,       288.5550647,       92034.33119,       92034.33119,   -1.915326513e-09,       91555.03078,         288.5550647,          92034.33119
          0,           0,          91,      -7.401872198,      -6.476353449,      -5.054231915,      -5.343945051,      -1.935921843,  -1.970815942e-09,  -1.970815942e-09,     0.08639914784,       288.1238647,       91554.57559,       91554.57559,       1.106958059,       289911.0924,  -3.583313663e-05,      0.2777569886,         29.37387543,          60084206.73,                105.7538663,       288.5540228,       288.5540228,       92033.87549,       92033.87549,   -1.970815942e-09,       91554.57559,         288.5540228,          92033.87549
          0,           0,          92,      -7.412742294,      -6.476950221,       -5.03169455,      -5.371666524,      -1.947216464,  -2.036550101e-09,  -2.036550101e-09,      0.0863993147,       288.1228123,       91554.10751,       91554.10751,       1.106956442,       289910.0351,  -3.686443657e-05,      0.2777570178,         29.37410393,          56769474.27,                105.7546778,       288.5529705,       288.5529705,       92033.40682,       92033.40682,   -2.036550101e-09,       91554.10751,         288.5529705,          92033.40682
          0,           0,          93,      -7.426016345,      -6.474619212,      -5.007911359,      -5.401337126,      -1.960879926,  -2.113113071e-09,  -2.113113071e-09,     0.08639947748,       288.1217562,       91553.63355,       91553.63355,       1.106954769,       289908.9741,   -3.80926283e-05,       0.277757032,         29.37429629,          53167744.83,                105.7553649,       288.5519144,       288.5519144,       92032.93218,       92032.93218,   -2.113113071e-09,       91553.63355,         288.5519144,          92032.93218
          0,           0,          94,      -7.441975062,      -6.468463174,      -4.983721419,      -5.432429984,      -1.977181305,  -2.200851239e-09,  -2.200851239e-09,     0.08639963424,       288.1207038,       91553.16188,       91553.16188,       1.106953109,       289907.9168,  -3.952928068e-05,      0.2777570287,         29.37444763,          49373314.57,                105.7559111,       288.5508621,       288.5508621,       92032.45979,       92032.45979,   -2.200851239e-09,       91553.16188,         288.5508621,          92032.45979
          0,           0,          95,      -7.460852295,      -6.458318772,      -4.959933748,      -5.463936745,      -1.996336324,    -2.2998414e-09,    -2.2998414e-09,     0.08639978368,       288.1196628,       91552.70088,       91552.70088,       1.106951535,       289906.8708,  -4.118518495e-05,      0.2777570074,          29.3745533,          45482884.33,                105.7562997,        288.549821,        288.549821,       92031.99803,       92031.99803,     -2.2998414e-09,       91552.70088,          288.549821,          92031.99803
          0,           0,          96,      -7.482852658,      -6.444858394,      -4.937266387,      -5.494270628,      -2.018524242,  -2.409662535e-09,  -2.409662535e-09,     0.08639992544,       288.1186398,       91552.25791,       91552.25791,       1.106950109,       289905.8428,  -4.306772282e-05,        0.27775697,         29.37460908,          41593560.89,                105.7565147,       288.5487978,       288.5487978,       92031.55432,       92031.55432,   -2.409662535e-09,       91552.25791,         288.5487978,          92031.55432
          0,           0,          97,      -7.508023147,      -6.427887269,      -4.916322746,       -5.52058017,      -2.043752593,  -2.529079501e-09,  -2.529079501e-09,     0.08640005767,        288.117642,        91551.8414,        91551.8414,       1.106948906,       289904.8402,  -4.515118656e-05,      0.2777569141,         29.37461106,          37843509.91,                105.7565431,       288.5477999,       288.5477999,        92031.1371,        92031.1371,   -2.529079501e-09,        91551.8414,         288.5477999,           92031.1371
          0,           0,          98,      -7.536259751,       -6.40854892,      -4.897567196,      -5.539641313,      -2.071858952,   -2.65699061e-09,   -2.65699061e-09,     0.08640017821,       288.1166781,        91551.4611,        91551.4611,       1.106948011,       289903.8716,  -4.740929807e-05,       0.277756837,         29.37455561,          34324360.33,                105.7563728,       288.5468358,       288.5468358,       92030.75615,       92030.75615,    -2.65699061e-09,        91551.4611,         288.5468358,          92030.75615
          0,           0,          99,      -7.567186993,      -6.387989023,      -4.881340674,      -5.548437886,      -2.102379233,  -2.792591391e-09,  -2.792591391e-09,     0.08640028542,       288.1157573,       91551.12717,       91551.12717,       1.106947511,       289902.9461,  -4.982501309e-05,      0.2777567377,         29.37443941,          31076660.87,                105.7559923,       288.5459146,       288.5459146,       92030.42166,       92030.42166,   -2.792591391e-09,       91551.12717,         288.5459146,          92030.42166
          0,           0,         100,      -7.600026894,      -6.367321042,      -4.867868208,       -5.54528205,      -2.134402861,  -2.935180119e-09,  -2.935180119e-09,     0.08640037771,       288.1148887,       91550.85008,       91550.85008,       1.106947497,        289902.073,   -5.23819708e-05,      0.2777566157,         29.37425923,          28116751.34,                  105.75539,       288.5450457,       288.5450457,       92030.14415,       92030.14415,   -2.935180119e-09,       91550.85008,         288.5450457,          92030.14415
          0,           0,         101,      -7.633266979,      -6.347524983,      -4.857339997,      -5.530622603,      -2.166300732,  -3.084224096e-09,  -3.084224096e-09,     0.08640045395,       288.1140814,       91550.63996,       91550.63996,       1.106948058,       289901.2615,  -5.507057526e-05,      0.2777564716,         29.37401206,          25438361.23,                 105.754555,       288.5442379,       288.5442379,       92029.93378,       92029.93378,   -3.084224096e-09,       91550.63996,         288.5442379,          92029.93378
          0,           0,         102,      -7.664594317,      -6.329391707,      -4.849866087,      -5.506715103,      -2.195655059,  -3.239168452e-09,  -3.239168452e-09,     0.08640051353,       288.1133435,       91550.50602,       91550.50602,       1.106949273,       289900.5196,  -5.788246599e-05,      0.2777563075,         29.37369517,          23026810.69,                105.7534766,       288.5434995,       288.5434995,       92029.79979,       92029.79979,   -3.239168452e-09,       91550.50602,         288.5434995,          92029.79979
          0,           0,         103,      -7.690884531,      -6.313543253,      -4.845507112,      -5.476646992,      -2.219359119,   -3.39934813e-09,   -3.39934813e-09,     0.08640055635,       288.1126817,       91550.45604,       91550.45604,       1.106951211,       289899.8542,  -6.080868073e-05,      0.2777561261,         29.37330613,          20863929.63,                 105.752145,       288.5428372,       288.5428372,       92029.75003,       92029.75003,    -3.39934813e-09,       91550.45604,         288.5428372,          92029.75003
          0,           0,         104,      -7.708726354,      -6.300423115,      -4.844286679,      -5.443317046,      -2.234247807,  -3.563909696e-09,  -3.563909696e-09,     0.08640058302,       288.1121009,       91550.49581,       91550.49581,       1.106953923,         289899.27,  -6.384052265e-05,      0.2777559318,         29.37284316,          18929266.89,                105.7505522,       288.5422557,       288.5422557,        92029.7903,        92029.7903,   -3.563909696e-09,       91550.49581,         288.5422557,           92029.7903
          0,           0,         105,      -7.715542263,      -6.290433373,      -4.846200554,      -5.408923993,       -2.23821743,  -3.731608797e-09,  -3.731608797e-09,     0.08640059397,       288.1116042,       91550.62966,       91550.62966,       1.106957449,       289898.7703,  -6.695796154e-05,      0.2777557276,         29.37230505,           17207650.4,                105.7486926,       288.5417584,       288.5417584,       92029.92497,       92029.92497,   -3.731608797e-09,       91550.62966,         288.5417584,          92029.92497
          0,           0,         106,      -7.710774169,      -6.283776332,      -4.851221768,      -5.374930516,      -2.231208294,  -3.901022636e-09,  -3.901022636e-09,     0.08640058974,       288.1111938,       91550.86065,       91550.86065,       1.106961818,       289898.3574,  -7.013650657e-05,      0.2777555161,         29.37169118,          15683287.25,                 105.746563,       288.5413474,       288.5413474,       92030.15712,       92030.15712,   -3.901022636e-09,       91550.86065,         288.5413474,          92030.15712
          0,           0,         107,      -7.696156138,      -6.280589319,      -4.859304637,      -5.342234849,      -2.215215767,  -4.070609023e-09,  -4.070609023e-09,     0.08640057088,       288.1108709,       91551.19072,       91551.19072,        1.10696705,       289898.0322,   -7.33481716e-05,      0.2777552998,         29.37100157,          14339899.04,                105.7441626,       288.5410238,       288.5410238,       92030.48871,       92030.48871,   -4.070609023e-09,       91551.19072,         288.5410238,          92030.48871
          0,           0,         108,      -7.674826283,      -6.281097708,      -4.870386461,      -5.311351783,      -2.193329377,  -4.238773086e-09,  -4.238773086e-09,       0.086400538,       288.1106356,       91551.62088,       91551.62088,       1.106973155,       289897.7951,   -7.65630637e-05,      0.2777550806,         29.37023687,          13160893.75,                105.7414928,       288.5407878,       288.5407878,       92030.92076,       92030.92076,   -4.238773086e-09,       91551.62088,         288.5407878,          92030.92076
          0,           0,         109,      -7.650066368,      -6.285396309,      -4.884381646,      -5.282546633,       -2.16860637,  -4.403916146e-09,  -4.403916146e-09,      0.0864004917,       288.1104874,       91552.15137,       91552.15137,       1.106980137,       289897.6456,  -7.975076711e-05,      0.2777548603,         29.36939836,          12129797.77,                105.7385578,        288.540639,        288.540639,       92031.45351,       92031.45351,   -4.403916146e-09,       91552.15137,          288.540639,          92031.45351
          0,           0,         110,      -7.624493999,      -6.293540752,      -4.901189587,      -5.255947014,      -2.143425211,   -4.56445979e-09,   -4.56445979e-09,     0.08640043261,       288.1104254,        91552.7817,        91552.7817,       1.106987997,       289897.5826,  -8.287971506e-05,      0.2777546404,         29.36848791,          11231198.66,                105.7353637,       288.5405762,       288.5405762,       92032.08649,       92032.08649,    -4.56445979e-09,        91552.7817,         288.5405762,          92032.08649
          0,           0,         111,      -7.599872163,      -6.305568097,      -4.920682757,      -5.231610719,      -2.119366178,  -4.718927481e-09,  -4.718927481e-09,     0.08640036153,       288.1104477,       91553.51065,       91553.51065,       1.106996724,       289897.6043,  -8.592047378e-05,      0.2777544226,         29.36750796,          10450296.14,                105.7319184,       288.5405979,       288.5405979,       92032.81846,       92032.81846,   -4.718927481e-09,       91553.51065,         288.5405979,          92032.81846
          0,           0,         112,       -7.57722551,      -6.321494703,      -4.942710329,      -5.209565423,      -2.097341483,  -4.865932944e-09,  -4.865932944e-09,     0.08640027925,       288.1105522,       91554.33631,       91554.33631,       1.107006306,       289897.7086,  -8.884505136e-05,      0.2777542083,         29.36646149,          9773604.609,                105.7282324,       288.5407017,       288.5407017,       92033.64752,       92033.64752,   -4.865932944e-09,       91554.33631,         288.5407017,          92033.64752
          0,           0,         113,      -7.557046935,      -6.341312213,      -4.967094137,      -5.189820076,      -2.077784649,  -5.004193762e-09,  -5.004193762e-09,     0.08640018655,        288.110736,       91555.25624,       91555.25624,       1.107016722,       289897.8927,  -9.162689709e-05,      0.2777539989,         29.36535201,          9189135.048,                105.7243177,       288.5408849,       288.5408849,       92034.57124,       92034.57124,   -5.004193762e-09,       91555.25624,         288.5408849,          92034.57124
          0,           0,         114,      -7.539480094,      -6.364946041,      -4.993626167,      -5.172379482,      -2.060814613,  -5.132558591e-09,  -5.132558591e-09,     0.08640008419,       288.1109963,       91556.26758,       91556.26758,        1.10702795,       289898.1536,  -9.424227829e-05,      0.2777537952,         29.36418348,          8686171.517,                105.7201881,       288.5411446,       288.5411446,       92035.58674,       92035.58674,   -5.132558591e-09,       91556.26758,         288.5411446,          92035.58674
          0,           0,         115,      -7.524450759,      -6.392233767,      -5.022069137,      -5.157255632,      -2.046352863,  -5.249988316e-09,  -5.249988316e-09,     0.08639997291,       288.1113297,       91557.36714,       91557.36714,       1.107039963,       289898.4879,   -9.66699687e-05,      0.2777535981,         29.36296033,           8255363.08,                105.7158594,       288.5414773,       288.5414773,       92036.69082,       92036.69082,   -5.249988316e-09,       91557.36714,         288.5414773,          92036.69082
          0,           0,         116,      -7.511754393,      -6.422850516,      -5.052159202,      -5.144466319,      -2.034201455,  -5.355534936e-09,  -5.355534936e-09,     0.08639985339,       288.1117327,       91558.55148,       91558.55148,       1.107052735,       289898.8922,  -9.889080995e-05,      0.2777534081,         29.36168743,          7888725.969,                105.7113489,       288.5418797,       288.5418797,       92037.88003,       92037.88003,   -5.355534936e-09,       91558.55148,         288.5418797,          92037.88003
          0,           0,         117,      -7.501113194,      -6.456234202,      -5.083611645,      -5.134035229,      -2.024094553,  -5.448322679e-09,  -5.448322679e-09,     0.08639972624,       288.1122018,       91559.81705,       91559.81705,       1.107066234,        289899.363,  -0.0001008873667,      0.2777532254,         29.36037011,          7579570.406,                105.7066757,       288.5423483,       288.5423483,       92039.15082,       92039.15082,   -5.448322679e-09,       91559.81705,         288.5423483,          92039.15082
          0,           0,         118,      -7.492212628,      -6.491423415,       -5.11612246,      -5.125993486,      -2.015731464,  -5.527528611e-09,  -5.527528611e-09,     0.08639959206,       288.1127335,       91561.16026,       91561.16026,       1.107080431,       289899.8966,  -0.0001026430072,      0.2777530503,         29.35901411,          7322491.557,                105.7018603,       288.5428795,       288.5428795,       92040.49956,       92040.49956,   -5.527528611e-09,       91561.16026,         288.5428795,          92040.49956
          0,           0,         119,       -7.48473074,      -6.526917866,      -5.149374236,      -5.120377275,       -2.00880367,   -5.59239279e-09,   -5.59239279e-09,     0.08639945136,       288.1133243,       91562.57749,       91562.57749,       1.107095297,       289900.4896,   -0.000104142383,      0.2777528826,         29.35762553,          7113151.627,                105.6969247,       288.5434697,       288.5434697,       92041.92264,       92041.92264,    -5.59239279e-09,       91562.57749,         288.5434697,          92041.92264
          0,           0,         120,      -7.478361001,      -6.560571305,      -5.183039253,      -5.117227818,      -2.003015793,  -5.642213027e-09,  -5.642213027e-09,     0.08639930457,       288.1139707,       91564.06529,       91564.06529,       1.107110802,       289901.1386,  -0.0001053717206,      0.2777527223,         29.35621089,          6948138.115,                105.6918926,       288.5441156,       288.5441156,       92043.41661,       92043.41661,   -5.642213027e-09,       91564.06529,         288.5441156,          92043.41661
          0,           0,         121,        -7.4728324,      -6.589673315,        -5.2167687,      -5.116589351,      -1.998104256,  -5.676318892e-09,  -5.676318892e-09,     0.08639915205,       288.1146697,       91565.62039,       91565.62039,       1.107126919,       289901.8404,  -0.0001063175636,      0.2777525688,         29.35477703,          6825053.711,                105.6867886,       288.5448141,       288.5448141,       92044.97815,       92044.97815,   -5.676318892e-09,       91565.62039,         288.5448141,          92044.97815
          0,           0,         122,      -7.467924666,      -6.611396459,      -5.250163068,      -5.118505124,      -1.993851876,  -5.694086658e-09,  -5.694086658e-09,     0.08639899414,       288.1154182,       91567.23969,       91567.23969,       1.107143621,       289902.5919,  -0.0001069675113,      0.2777524219,         29.35333111,          6742358.817,                105.6816387,       288.5455622,       288.5455622,       92046.60417,       92046.60417,   -5.694086658e-09,       91567.23969,         288.5455622,          92046.60417
          0,           0,         123,      -7.463470878,      -6.623666957,      -5.282721854,      -5.123025279,      -1.990091245,  -5.694929902e-09,  -5.694929902e-09,     0.08639883119,       288.1162134,       91568.92019,       91568.92019,       1.107160884,       289903.3904,  -0.0001073100095,      0.2777522813,         29.35188064,          6699381.932,                105.6764701,       288.5463569,       288.5463569,       92048.29165,       92048.29165,   -5.694929902e-09,       91568.92019,         288.5463569,          92048.29165
          0,           0,         124,      -7.459372552,      -6.625956164,      -5.313749263,      -5.130209396,      -1.986718643,  -5.678291807e-09,  -5.678291807e-09,     0.08639866357,       288.1170525,       91570.65899,       91570.65899,       1.107178684,       289904.2331,  -0.0001073338528,      0.2777521469,         29.35043341,          6696399.356,                105.6713107,       288.5471956,       288.5471956,        92050.0377,        92050.0377,   -5.678291807e-09,       91570.65899,         288.5471956,           92050.0377
          0,           0,         125,      -7.455600885,      -6.619477959,      -5.342255034,      -5.140120414,      -1.983696128,  -5.643656286e-09,  -5.643656286e-09,     0.08639849154,        288.117933,       91572.45338,       91572.45338,       1.107196996,       289905.1174,  -0.0001070278668,      0.2777520182,         29.34899742,           6734737.04,                105.6661896,       288.5480758,       288.5480758,       92051.83957,       92051.83957,   -5.643656286e-09,       91572.45338,         288.5480758,          92051.83957
          0,           0,         126,      -7.452185275,      -6.606691781,      -5.366889176,      -5.152824692,      -1.981042217,  -5.590587146e-09,  -5.590587146e-09,     0.08639831543,       288.1188525,       91574.30072,       91574.30072,       1.107215798,       289906.0408,  -0.0001063826774,      0.2777518952,          29.3475809,          6816668.361,                105.6611365,       288.5489949,       288.5489949,       92053.69462,       92053.69462,   -5.590587146e-09,       91574.30072,         288.5489949,          92053.69462
          0,           0,         127,      -7.449204151,      -6.590276914,       -5.38597679,      -5.168396182,      -1.978824249,  -5.518712186e-09,  -5.518712186e-09,     0.08639813528,        288.119809,       91576.19879,       91576.19879,       1.107235072,       289907.0014,  -0.0001053867278,       0.277751777,         29.34619193,          6946112.135,                105.6561806,        288.549951,        288.549951,       92055.60063,       92055.60063,   -5.518712186e-09,       91576.19879,          288.549951,          92055.60063
          0,           0,         128,      -7.446772622,      -6.572498847,      -5.397731883,      -5.186910547,      -1.977146817,  -5.427903525e-09,  -5.427903525e-09,     0.08639795203,       288.1207997,       91578.14459,       91578.14459,       1.107254791,       289907.9965,  -0.0001040414591,      0.2777516654,         29.34483895,          7126895.885,                105.6513519,       288.5509414,       288.5509414,       92057.55457,       92057.55457,   -5.427903525e-09,       91578.14459,         288.5509414,          92057.55457
          0,           0,         129,      -7.445028909,      -6.554960599,      -5.400721799,      -5.208446063,      -1.976139306,   -5.31782976e-09,   -5.31782976e-09,      0.0863977663,       288.1218218,       91580.13481,       91580.13481,       1.107274927,        289909.023,  -0.0001023394086,       0.277751561,         29.34353056,           7365922.61,                 105.646681,       288.5519631,       288.5519631,       92059.55314,       92059.55314,    -5.31782976e-09,       91580.13481,         288.5519631,          92059.55314
          0,           0,         130,      -7.444122954,      -6.538651662,      -5.394378877,      -5.233078023,      -1.975945123,  -5.188226712e-09,  -5.188226712e-09,     0.08639757867,       288.1228721,       91582.16599,       91582.16599,       1.107295449,        289910.078,  -0.0001002727693,       0.277751464,         29.34227534,          7672672.099,                105.6421987,       288.5530132,       288.5530132,       92061.59288,       92061.59288,   -5.188226712e-09,       91582.16599,         288.5530132,          92061.59288
          0,           0,         131,      -7.444205433,      -6.524088118,      -5.379291623,      -5.260869728,      -1.976710875,  -5.038983081e-09,  -5.038983081e-09,     0.08639738992,       288.1239473,       91584.23432,       91584.23432,       1.107316325,        289911.158,  -9.783679463e-05,      0.2777513755,         29.34108187,          8059497.246,                105.6379354,       288.5540881,       288.5540881,       92063.66993,       92063.66993,   -5.038983081e-09,       91584.23432,         288.5540881,          92063.66993
          0,           0,         132,      -7.445420781,      -6.511466889,      -5.357036231,      -5.291851572,      -1.978579216,   -4.87013038e-09,   -4.87013038e-09,     0.08639720098,       288.1250436,       91586.33545,       91586.33545,       1.107337516,       289912.2592,  -9.502938991e-05,      0.2777512964,         29.33995859,          8542721.662,                105.6339213,       288.5551841,       288.5551841,       92065.77996,       92065.77996,    -4.87013038e-09,       91586.33545,         288.5551841,          92065.77996
          0,           0,         133,      -7.447902763,      -6.500786767,      -5.329688031,      -5.325986317,      -1.981684061,  -4.681844593e-09,  -4.681844593e-09,     0.08639701297,       288.1261567,       91588.46433,       91588.46433,       1.107358979,       289913.3772,  -9.185094399e-05,      0.2777512285,         29.33891376,           9144178.21,                105.6301854,        288.556297,        288.556297,        92067.9179,        92067.9179,   -4.681844593e-09,       91588.46433,          288.556297,           92067.9179
          0,           0,         134,      -7.451773025,      -6.491929086,      -5.299309012,       -5.36310796,      -1.986148864,  -4.474458417e-09,  -4.474458417e-09,     0.08639682723,       288.1272814,       91590.61512,       91590.61512,       1.107380661,       289914.5071,  -8.830461462e-05,      0.2777511735,         29.33795536,           9893386.19,                105.6267557,       288.5574216,       288.5574216,       92070.07788,       92070.07788,   -4.474458417e-09,       91590.61512,         288.5574216,          92070.07788
          0,           0,         135,      -7.457146691,      -6.484725014,      -5.267619663,      -5.402818609,      -1.992091722,  -4.248470548e-09,  -4.248470548e-09,     0.08639664525,       288.1284121,       91592.78104,       91592.78104,       1.107402503,        289915.643,  -8.439652136e-05,      0.2777511335,         29.33709103,          10830850.15,                105.6236591,       288.5585521,       288.5585521,       92072.25311,       92072.25311,   -4.248470548e-09,       91592.78104,         288.5585521,          92072.25311
          0,           0,         136,      -7.464121861,      -6.478965393,      -5.235896717,      -5.444332281,      -1.999614871,  -4.004553939e-09,  -4.004553939e-09,     0.08639646874,       288.1295421,       91594.95428,       91594.95428,       1.107424436,       289916.7782,  -8.013570509e-05,      0.2777511107,         29.33632798,          12013220.47,                105.6209205,        288.559682,        288.559682,       92074.43577,       92074.43577,   -4.004553939e-09,       91594.95428,          288.559682,          92074.43577
          0,           0,         137,       -7.47279396,      -6.474484755,      -5.205007442,      -5.486231658,      -2.008817922,   -3.74357446e-09,   -3.74357446e-09,     0.08639629959,       288.1306637,       91597.12598,       91597.12598,       1.107446383,       289917.9051,  -7.553452462e-05,      0.2777511075,         29.33567289,          13521365.92,                105.6185632,       288.5608037,       288.5608037,       92076.61695,       92076.61695,    -3.74357446e-09,       91597.12598,         288.5608037,          92076.61695
          0,           0,         138,      -7.483251078,      -6.471116604,       -5.17549808,      -5.526206311,      -2.019793249,   -3.46660705e-09,   -3.46660705e-09,     0.08639613987,       288.1317685,       91599.28607,       91599.28607,       1.107468254,       289919.0152,  -7.060928742e-05,      0.2777511266,         29.33513185,          15473479.11,                 105.616608,       288.5619085,       288.5619085,       92078.78658,       92078.78658,    -3.46660705e-09,       91599.28607,         288.5619085,          92078.78658
          0,           0,         139,      -7.495602993,      -6.468770638,       -5.14768408,      -5.560833114,       -2.03265405,  -3.174934397e-09,  -3.174934397e-09,     0.08639599177,        288.132847,       91601.42343,       91601.42343,       1.107489951,       289920.0988,  -6.538025958e-05,      0.2777511703,         29.33471025,          18047559.81,                105.6150734,       288.5629871,       288.5629871,       92080.93348,       92080.93348,   -3.174934397e-09,       91601.42343,         288.5629871,          92080.93348
          0,           0,         140,      -7.509955842,      -6.467377862,      -5.121730109,      -5.586017343,      -2.047510678,  -2.870043713e-09,  -2.870043713e-09,     0.08639585759,       288.1338887,       91603.52583,       91603.52583,       1.107511366,       289921.1457,  -5.987168633e-05,      0.2777512411,         29.33441274,          21521325.45,                105.6139754,       288.5640291,       288.5640291,        92083.0454,        92083.0454,   -2.870043713e-09,       91603.52583,         288.5640291,           92083.0454
          0,           0,         141,      -7.526429984,      -6.466909383,      -5.097700436,      -5.598176843,      -2.064487588,  -2.553619161e-09,  -2.553619161e-09,     0.08639573979,       288.1348825,       91605.57994,       91605.57994,       1.107532382,       289922.1444,  -5.411083439e-05,      0.2777513414,         29.33424307,          26347769.29,                105.6133264,       288.5650231,       288.5650231,       92085.10894,       92085.10894,   -2.553619161e-09,       91605.57994,         288.5650231,          92085.10894
          0,           0,         142,      -7.545163091,      -6.467370459,       -5.07559633,      -5.595911129,      -2.083726231,  -2.227577655e-09,  -2.227577655e-09,     0.08639564093,        288.135816,       91607.57136,       91607.57136,       1.107552871,       289923.0828,  -4.812967592e-05,      0.2777514735,         29.33420408,          33303268.25,                105.6131358,       288.5659571,       288.5659571,        92087.1097,        92087.1097,   -2.227577655e-09,       91607.57136,         288.5659571,           92087.1097
          0,           0,         143,      -7.566316097,      -6.468790212,      -5.055390692,        -5.5807585,      -2.105389046,  -1.894050727e-09,  -1.894050727e-09,     0.08639556349,       288.1366766,       91609.48493,       91609.48493,         1.1075727,       289923.9479,  -4.196410644e-05,      0.2777516394,         29.33429753,          43808389.96,                105.6134091,       288.5668181,       288.5668181,       92089.03242,       92089.03242,   -1.894050727e-09,       91609.48493,         288.5668181,          92089.03242
          0,           0,         144,         -7.590085,      -6.471214965,      -5.037033373,      -5.556346832,      -2.129671374,  -1.555389878e-09,  -1.555389878e-09,     0.08639550966,       288.1374513,       91611.30515,       91611.30515,       1.107591729,       289924.7269,  -3.565266095e-05,      0.2777518398,         29.33452384,          60691795.15,                105.6141477,       288.5675935,       288.5675935,       92090.86157,       92090.86157,   -1.555389878e-09,       91611.30515,         288.5675935,          92090.86157
          0,           0,         145,      -7.616680083,      -6.474687267,      -5.020484514,      -5.526707174,       -2.15678091,  -1.214245627e-09,  -1.214245627e-09,     0.08639548168,       288.1381269,       91613.01616,       91613.01616,        1.10760982,       289925.4064,  -2.924123807e-05,      0.2777520756,         29.33488225,          90224214.12,                105.6153485,       288.5682698,       288.5682698,       92092.58122,       92092.58122,   -1.214245627e-09,       91613.01616,         288.5682698,          92092.58122
          0,           0,         146,      -7.646331264,      -6.479267022,       -5.00570435,      -5.495124022,      -2.186940785,  -8.734739095e-10,  -8.734739095e-10,     0.08639548168,       288.1386902,       91614.60191,       91614.60191,       1.107626827,       289925.9732,  -2.278134663e-05,      0.2777523471,         29.33537084,          148647184.7,                105.6170043,       288.5688339,       288.5688339,       92094.17528,       92094.17528,   -8.734739095e-10,       91614.60191,         288.5688339,          92094.17528
          0,           0,         147,      -7.679279649,       -6.48497837,      -4.992659445,      -5.463807841,      -2.220374907,  -5.360422604e-10,  -5.360422604e-10,     0.08639551194,       288.1391274,       91616.04601,       91616.04601,       1.107642606,       289926.4134,  -1.632920522e-05,      0.2777526553,         29.33598655,            289325254,                105.6191039,       288.5692721,       288.5692721,       92095.62728,       92095.62728,   -5.360422604e-10,       91616.04601,         288.5692721,          92095.62728
          0,           0,         148,      -7.715744352,      -6.491832474,      -4.981327382,      -5.434067611,      -2.257268065,  -2.048901239e-10,  -2.048901239e-10,     0.08639557428,       288.1394253,       91617.33234,       91617.33234,       1.107657014,       289926.7138,  -9.941338447e-06,      0.2777529993,         29.33672518,          780598649.3,                105.6216324,       288.5695711,       288.5695711,       92096.92103,       92096.92103,   -2.048901239e-10,       91617.33234,         288.5695711,          92096.92103
          0,           0,         149,      -7.755854278,      -6.499845584,      -4.971695775,      -5.406606262,      -2.297685353,   1.171159104e-10,   1.171159104e-10,      0.0863956703,       288.1395708,       91618.44528,       91618.44528,       1.107669911,       289926.8611,  -3.672820333e-06,      0.2777533782,         29.33758138,           5718989927,                105.6245708,       288.5697178,       288.5697178,       92098.04086,       92098.04086,    1.171159104e-10,       91618.44528,         288.5697178,          92098.04086
          0,           0,         150,      -7.799509493,      -6.509022318,      -4.963762263,      -5.381755703,      -2.341411151,    4.27178019e-10,    4.27178019e-10,     0.08639580108,        288.139552,       91619.37026,       91619.37026,       1.107681167,       289926.8435,   2.423569183e-06,      0.2777537897,         29.33854871,      1.313436688e+10,                105.6278971,       288.5697002,       288.5697002,       92098.97214,       92098.97214,     4.27178019e-10,       91619.37026,         288.5697002,          92098.97214
          0,           0,         151,      -7.846118067,      -6.519356712,      -4.957532646,       -5.35962949,      -2.387652628,   7.225139873e-10,   7.225139873e-10,     0.08639596721,       288.1393582,       91620.09422,       91620.09422,       1.107690665,       289926.6502,   8.293897943e-06,      0.2777542305,         29.33961976,           1121512169,                105.6315856,       288.5695078,       288.5695078,       92099.70174,       92099.70174,    7.225139873e-10,       91620.09422,         288.5695078,          92099.70174
          0,           0,         152,      -7.894118958,      -6.530841802,      -4.953020823,      -5.340221456,      -2.434526468,   1.000434431e-09,   1.000434431e-09,     0.08639616897,       288.1389802,       91620.60575,       91620.60575,       1.107698304,       289926.2718,   1.388526299e-05,       0.277754697,         29.34078615,          400142427.7,                105.6356075,       288.5691312,       288.5691312,       92100.21819,       92100.21819,    1.000434431e-09,       91620.60575,         288.5691312,          92100.21819
          0,           0,         153,      -7.940256114,      -6.543480826,      -4.950247295,      -5.323464238,      -2.478352314,   1.258380955e-09,   1.258380955e-09,     0.08639640631,       288.1384102,       91620.89515,       91620.89515,       1.107703994,       289925.7007,   1.914635459e-05,      0.2777551853,         29.34203868,          210451561.9,                105.6399312,       288.5685627,       288.5685627,       92100.51175,       92100.51175,    1.258380955e-09,       91620.89515,         288.5685627,          92100.51175
          0,           0,         154,      -7.978905437,      -6.557291496,      -4.949237801,      -5.309258608,      -2.513191827,   1.493972343e-09,   1.493972343e-09,     0.08639667882,       288.1376422,       91620.95469,       91620.95469,       1.107707667,       289924.9306,   2.402878982e-05,      0.2777556913,         29.34336737,          133617127.9,                105.6445225,       288.5677963,       288.5677963,       92100.57463,       92100.57463,    1.493972343e-09,       91620.95469,         288.5677963,          92100.57463
          0,           0,         155,      -8.002580785,      -6.572306856,      -4.950021762,      -5.297499748,       -2.53186202,   1.705025792e-09,   1.705025792e-09,     0.08639698564,        288.136672,       91620.77882,       91620.77882,       1.107709271,       289923.9575,   2.848768586e-05,      0.2777562101,         29.34476157,          95063370.41,                105.6493446,       288.5668277,       288.5668277,       92100.40125,       92100.40125,    1.705025792e-09,       91620.77882,         288.5668277,          92100.40125
