# x_mm,y_mm,z_mm (span-major, chord-minor; 7 x 41)
6.193228784715344659e+00,1.410138440715702401e+01,2.752464232224673957e-01
7.327130472983015785e+00,1.413244200803793937e+01,1.141168730528955955e+00
8.568035057810416077e+00,1.412889450767870692e+01,1.998271925108045188e+00
9.911418090627369892e+00,1.417408581555174152e+01,2.827119627548666525e+00
1.133608272648115012e+01,1.423621188721127240e+01,3.641865109817796764e+00
1.282474610000457105e+01,1.433497630844351178e+01,4.476445476044076166e+00
1.435583385389282718e+01,1.446306989655580999e+01,5.369749728072131134e+00
1.591150646763646037e+01,1.463130726138914639e+01,6.328903235921654158e+00
1.749907618701249490e+01,1.481425858760254854e+01,7.355376368395549314e+00
1.907959449665145968e+01,1.505814268226288988e+01,8.471933265058273932e+00
2.068518963235891306e+01,1.528650285797760944e+01,9.650520273052258347e+00
2.224726712971636999e+01,1.559115897894704439e+01,1.094990714525334319e+01
2.380140443147858775e+01,1.588493921258984187e+01,1.231407408778457047e+01
2.532278842217059989e+01,1.619632639763683102e+01,1.377619125857569493e+01
2.678192608918838502e+01,1.652924789561071961e+01,1.533424133762602892e+01
2.821981327575744203e+01,1.683860352916202174e+01,1.695638380176016824e+01
2.955575151869292938e+01,1.717410791535448666e+01,1.868843307689142463e+01
3.084353041775065307e+01,1.748831263126395186e+01,2.047391060475298019e+01
3.206404386603337286e+01,1.778761129195230595e+01,2.232593343816810005e+01
3.318373117686271456e+01,1.808260983206330863e+01,2.424319307962985093e+01
3.427083321171542707e+01,1.834073390410023663e+01,2.618569089700540786e+01
3.521675244340236333e+01,1.859966901225552505e+01,2.819343680081007619e+01
3.613299403949686450e+01,1.882335557683375882e+01,3.020348313223653136e+01
3.693429865184373284e+01,1.903401751681107612e+01,3.224625969469111197e+01
3.769163688832032477e+01,1.921603178660224387e+01,3.428251305323454545e+01
3.834827581632492866e+01,1.938184723803785303e+01,3.632684347403007052e+01
3.896610116611434904e+01,1.952174719471221920e+01,3.835018332639237570e+01
3.948344660152125840e+01,1.964737756145168746e+01,4.036445593942122656e+01
3.998793047311466609e+01,1.974811858514649288e+01,4.234099213315592891e+01
4.037729546495772581e+01,1.983774919094989642e+01,4.429731628490278439e+01
4.076152710282869407e+01,1.990853501521083757e+01,4.620446189564108863e+01
4.107343837989235169e+01,1.996621647305157765e+01,4.807211012239734771e+01
4.134557265202980858e+01,2.001251330247235671e+01,4.988765906913991444e+01
4.161852868156340435e+01,2.004541669471112897e+01,5.164755970503046711e+01
4.180341764680468941e+01,2.007223402934566181e+01,5.335731789564401595e+01
4.198466801250820168e+01,2.009255278811965795e+01,5.499787850993013905e+01
4.217004909111826549e+01,2.010784497703401996e+01,5.657922238039957819e+01
4.229437323135597637e+01,2.012269911636808573e+01,5.810134151943940850e+01
4.240778895927256542e+01,2.013840826165821696e+01,5.954875808936748172e+01
4.252377948326341794e+01,2.015695548153335537e+01,6.092493009249947278e+01
4.264062241973223877e+01,2.026856157189730467e+01,6.223024822873907169e+01
6.163872236188242759e+00,1.467708626890724766e+01,2.733805112235830337e-01
7.296804450871519521e+00,1.467686357833236244e+01,1.149135863403926150e+00
8.522470016440909291e+00,1.463802377166007318e+01,2.001109006531867518e+00
9.843438744854793754e+00,1.465140234020037724e+01,2.819557355912324592e+00
1.124940281339794801e+01,1.468779340366024044e+01,3.625812942399623040e+00
1.271771329960011521e+01,1.476674771705966016e+01,4.449906648768516604e+00
1.422874653022585534e+01,1.487615566554258706e+01,5.330436726506595946e+00
1.576768200438569245e+01,1.502739704552313071e+01,6.276130048633742575e+00
1.733641440617441987e+01,1.519554131625662841e+01,7.285366323358877239e+00
1.890343629799049552e+01,1.542707623908112780e+01,8.385161344193193145e+00
2.049337215980730775e+01,1.564664548810207556e+01,9.543936726578882812e+00
2.204076986214511535e+01,1.594567935807058667e+01,1.082100137486619928e+01
2.358719016385815692e+01,1.623683520049489815e+01,1.216751534571827165e+01
2.509695358687539013e+01,1.654964303911607004e+01,1.360767511121304096e+01
2.655018068117628260e+01,1.688603908528039810e+01,1.514806831883345950e+01
2.798041735714595291e+01,1.720205804997762655e+01,1.675182939002913329e+01
2.930912300348746768e+01,1.754663917372446491e+01,1.846605927433753180e+01
3.059505200769573108e+01,1.786893993062658836e+01,2.024029249181867840e+01
3.181046608517342023e+01,1.817843849813142043e+01,2.207970687742636784e+01
3.292918275637222081e+01,1.848155678341397490e+01,2.399035884415526709e+01
3.401290037159323276e+01,1.874793523188525413e+01,2.592626641510765495e+01
3.495595060160654555e+01,1.901366307844200065e+01,2.793055175405228496e+01
3.587165944292421926e+01,1.924019824930230982e+01,2.994183830424659121e+01
3.667058801959873904e+01,1.945229951204045449e+01,3.198709213437797416e+01
3.742635471386749657e+01,1.963200791155308877e+01,3.402900845242457706e+01
3.808032610381626881e+01,1.979288050449194714e+01,3.608117220547593718e+01
3.869455433304265313e+01,1.992477395311850685e+01,3.811377884358216050e+01
3.920774929981772061e+01,2.003910484052475027e+01,4.014051159812369463e+01
3.970564047136568320e+01,2.012629794442797149e+01,4.212894182760727801e+01
4.008559073686920726e+01,2.020025612485436639e+01,4.409836483300042431e+01
4.046059464143509388e+01,2.025170376866232402e+01,4.602235038016558377e+01
4.075743013679538507e+01,2.028940048196940182e+01,4.790325542651636681e+01
4.101432029664513124e+01,2.031224265229083414e+01,4.973899252988736919e+01
4.126577922287900435e+01,2.032075821325618392e+01,5.151269169834982620e+01
4.142362798081168762e+01,2.032121606756975396e+01,5.323428376472578805e+01
4.157682670881329301e+01,2.031144761112451391e+01,5.489741892319299410e+01
4.172817937003473077e+01,2.029372400152505662e+01,5.649142311703647579e+01
4.181419957465540449e+01,2.027133987652203118e+01,5.802131067714184098e+01
4.188841205191950934e+01,2.024462588833429422e+01,5.948622682575879850e+01
4.196522652156938449e+01,2.021526169380843285e+01,6.088188383390126290e+01
4.204503700916000497e+01,2.027351366783139142e+01,6.221054723391221586e+01
4.885838532947518686e+00,2.013346916242070961e+01,2.158370079862962088e-01
5.909004968232373756e+00,2.012041291174090318e+01,1.247243248659264836e+00
7.025616667435912177e+00,2.006329361036043935e+01,2.274061107165794127e+00
8.239556198791714081e+00,2.004305369344237064e+01,3.289271798023661209e+00
9.538728306483623243e+00,2.003468674407576700e+01,4.309250528410540682e+00
1.089952441332315836e+01,2.004884203017928357e+01,5.356599918693573770e+00
1.230045365881766983e+01,2.007845061912201956e+01,6.461307237966877004e+00
1.372956547554915296e+01,2.012661902956438453e+01,7.625160957853941213e+00
1.518721190479798544e+01,2.017790281700995436e+01,8.848212342027911959e+00
1.664709839545723824e+01,2.026657244367374489e+01,1.014644665452320105e+01
1.812919894795005149e+01,2.033286313684995150e+01,1.149520820436392832e+01
1.957851550354675751e+01,2.045329376877928595e+01,1.293874220817385101e+01
2.102931795659471703e+01,2.055336036499755537e+01,1.443358313381658320e+01
2.244975410402164329e+01,2.066462142641735866e+01,1.600325331872847912e+01
2.382542533605973034e+01,2.078451286566487966e+01,1.764462764768061476e+01
2.518234261539618402e+01,2.088054469324689677e+01,1.933084955656750381e+01
2.645553890828075438e+01,2.099579721171300051e+01,2.109769858162995604e+01
2.769302460202109728e+01,2.108777895395639135e+01,2.290094386420895489e+01
2.887136905501220951e+01,2.116822583207964925e+01,2.474811417139708425e+01
2.996885586772078369e+01,2.124357584412840794e+01,2.663989224129464617e+01
3.103654929394398820e+01,2.128950071747576445e+01,2.854082702315139741e+01
3.198680938782586836e+01,2.133959815898976586e+01,3.048486869048673498e+01
3.291157208371632947e+01,2.136120475321167334e+01,3.242202778635660820e+01
3.373973273817109941e+01,2.137716064785053760e+01,3.437341648763923985e+01
3.452770698389166171e+01,2.137316327612162681e+01,3.631141696706156807e+01
3.523068995624146282e+01,2.136130372164875624e+01,3.824450912658511470e+01
3.589718694559437040e+01,2.133297974139388842e+01,4.015065709312516873e+01
3.647777308852283795e+01,2.129890043244652276e+01,4.203974824432939528e+01
3.704173731691362548e+01,2.124947545518607228e+01,4.388758910854735973e+01
3.750625866233331607e+01,2.119818265471916874e+01,4.570838476831467290e+01
3.796159957316940847e+01,2.113470344953085700e+01,4.748108447614816896e+01
3.834955633934626462e+01,2.106741918567275107e+01,4.920938588503999966e+01
3.870027829182384949e+01,2.099411938467843797e+01,5.088845448490867085e+01
3.904156185929203815e+01,2.091376768091467397e+01,5.250946055099996812e+01
3.930316162450397144e+01,2.083320577092274561e+01,5.407730294749857336e+01
3.955552534269614995e+01,2.074789380297911379e+01,5.558552419924278354e+01
3.980136068482588030e+01,2.065890730411017984e+01,5.703003949821681573e+01
3.999066075136941834e+01,2.057029071401539966e+01,5.841157127732524401e+01
4.016468365159043685e+01,2.048028073225411205e+01,5.973020232023747411e+01
4.033812895355503514e+01,2.038940983200325263e+01,6.098092129682091667e+01
4.050819916849279423e+01,2.037568738595187057e+01,6.217498891218973256e+01
3.620759278564533279e+00,2.559543020247954104e+01,1.603142638720850832e-01
4.544339816189962633e+00,2.557613317919590656e+01,1.372275029306659455e+00
5.558339476924408551e+00,2.550590216538835264e+01,2.601208004735982904e+00
6.666975818588124270e+00,2.545364918551108957e+01,3.841643797787245074e+00
7.857857179061451980e+00,2.539776385278787529e+01,5.104832001348429849e+00
9.107584407341970945e+00,2.534007100939048485e+01,6.404494525366092539e+00
1.039409269687395287e+01,2.527957294279953970e+01,7.762399432213300088e+00
1.170860616879488170e+01,2.521116974477233086e+01,9.173348062144883741e+00
1.304929428623677978e+01,2.512884075640823767e+01,1.063778219655756807e+01
1.439591744342660284e+01,2.505513231806176933e+01,1.216124083563104996e+01
1.576297368921298059e+01,2.494615464873069399e+01,1.372367261116925974e+01
1.710606122516078642e+01,2.486402675341989621e+01,1.535527855058923485e+01
1.845350613602173695e+01,2.474831702508058484e+01,1.701709637198525726e+01
1.977537617049888752e+01,2.463283061465205037e+01,1.873046814767678825e+01
2.106445554255230590e+01,2.451185537576817808e+01,2.048398302724982400e+01
2.233823248450030263e+01,2.436497501689378709e+01,2.225871287089184491e+01
2.354536595031609991e+01,2.423006851044587862e+01,2.408031353874041969e+01
2.472463151212038568e+01,2.407404714693873160e+01,2.591173814372594464e+01
2.585518049765278192e+01,2.391089629504661573e+01,2.776097431478247302e+01
2.692130148745667384e+01,2.374766918323481235e+01,2.962622573885815314e+01
2.796258673518725502e+01,2.356596798731947828e+01,3.148041757242858196e+01
2.890976048424516520e+01,2.339697758509439751e+01,3.335052887851524872e+01
2.983441154135950057e+01,2.321364971580537429e+01,3.519865357961535324e+01
3.068280629635196277e+01,2.303671756525329428e+01,3.703940691408098473e+01
3.149520114604186105e+01,2.285500790948903926e+01,3.885601509827456823e+01
3.224027334206491702e+01,2.267893517116421975e+01,4.065198873856311224e+01
3.295347164678957341e+01,2.250088978738893530e+01,4.241304634115691385e+01
3.359737924825125077e+01,2.233062548012429716e+01,4.414655365398548525e+01
3.422495914038638887e+01,2.215808009512655374e+01,4.583504096382078785e+01
3.477313979223665541e+01,2.199615150629010785e+01,4.748892718651772071e+01
3.531050334699640558e+01,2.183302024616172687e+01,4.909369245217419575e+01
3.579285163808163617e+01,2.167669818702363571e+01,5.065167068620997526e+01
3.624356275883297229e+01,2.152354884096452281e+01,5.215947291458205370e+01
3.668294124896068809e+01,2.137111364774045796e+01,5.361145016761514626e+01
3.705885466652775762e+01,2.122664145060340601e+01,5.500978742333703764e+01
3.742413005362132594e+01,2.108325056414656729e+01,5.635097630375924638e+01
3.778070670809639608e+01,2.094113412913546668e+01,5.763224852801228337e+01
3.809223684238194352e+01,2.080503214728910066e+01,5.885216910714078864e+01
3.838788442579213012e+01,2.067160346606043930e+01,6.001349622959970276e+01
3.868227480676483765e+01,2.054059306441317290e+01,6.110870196485292638e+01
3.896939084265115838e+01,2.047844001731444763e+01,6.215549100262830251e+01
2.371806484173369700e+00,3.106111498325725151e+01,1.150556244899242353e-01
3.209165902211867927e+00,3.104169696166481529e+01,1.474318767508268291e+00
4.129467899525748109e+00,3.096807355946851459e+01,2.869509383921775125e+00
5.136610185529643324e+00,3.089688276725087235e+01,4.295292595386184686e+00
6.219152155317173580e+00,3.081014365077173878e+01,5.758899394509456648e+00
7.356108135144646454e+00,3.070183123205053732e+01,7.265657418978435977e+00
8.526186448309722721e+00,3.057786280876700502e+01,8.831107546071727654e+00
9.723870422654812273e+00,3.042495673820794266e+01,1.044423442324476525e+01
1.094494017624510640e+01,3.024659208645691777e+01,1.210599081089099727e+01
1.217551999572263632e+01,3.005347208334708853e+01,1.381254046364220578e+01
1.342431678549980489e+01,2.981694753608848814e+01,1.554899712212069396e+01
1.465778980770503104e+01,2.958470928674506339e+01,1.733182883950072295e+01
1.589840025177557692e+01,2.930888471932957628e+01,1.912815151093805355e+01
1.711791025649835873e+01,2.902525458017055371e+01,2.095643698532897758e+01
1.831665049853922866e+01,2.872339735863432963e+01,2.279852286601727229e+01
1.950334924883283350e+01,2.839362186094651719e+01,2.464321701213816240e+01
2.064045071817700361e+01,2.806770192997786850e+01,2.650615881341457225e+01
2.175762730374273701e+01,2.771994428161678314e+01,2.835828473906049751e+01
2.283643779835088594e+01,2.736554162760585740e+01,3.020722151030712155e+01
2.386738582248572982e+01,2.701075482994683696e+01,3.204914786912758728e+01
2.487846003978604159e+01,2.664163803252350959e+01,3.386477659732361190e+01
2.581887927389058390e+01,2.628627355408627864e+01,3.567375039204191722e+01
2.673985599290004345e+01,2.592212646739372772e+01,3.745015604301784862e+01
2.760506741135798237e+01,2.556708947789519115e+01,3.920131532708944633e+01
2.843859300568449555e+01,2.521300222765733068e+01,4.092081113601672371e+01
2.922265236409208455e+01,2.486812216658129060e+01,4.260683089305480564e+01
2.997962332196266289e+01,2.452603547148284591e+01,4.425205528407308009e+01
3.068416578734819211e+01,2.419573654924560202e+01,4.586102521293953771e+01
3.137291913026935575e+01,2.386719061695574595e+01,4.742222861762405017e+01
3.200264904301779012e+01,2.355316737738378308e+01,4.894201357164905630e+01
3.262028699318565117e+01,2.324129778203647234e+01,5.041190450639178522e+01
3.319574014027170250e+01,2.293989185616797144e+01,5.183227206474886373e+01
3.374572421845772396e+01,2.264485940263577390e+01,5.320112770606882435e+01
3.428319648317005885e+01,2.235340344541890545e+01,5.451505335904116123e+01
3.477427612879912289e+01,2.207397991840199225e+01,5.577356954597483707e+01
3.525449756730283468e+01,2.179855134340910183e+01,5.697598296166497533e+01
3.572526559420606418e+01,2.152761481915267439e+01,5.811991806513633207e+01
3.616421551469394302e+01,2.126760690051898450e+01,5.920176206516006090e+01
3.658890400194851367e+01,2.101507554098557051e+01,6.022703911014746581e+01
3.701419425993407941e+01,2.077059043969371288e+01,6.118534002498971347e+01
3.743058251680952253e+01,2.058976977561519561e+01,6.210527343485649965e+01
1.133537215790354491e+00,3.652868525378254816e+01,8.035970808547664157e-02
1.894572292129618862e+00,3.651145080505308016e+01,1.526461150099370556e+00
2.728027155782468682e+00,3.644029043088813324e+01,3.022628615954837450e+00
3.637417434382870240e+00,3.636117837514448325e+01,4.563254456530386527e+00
4.612757421892623277e+00,3.626118026302164310e+01,6.153039302515331599e+00
5.637645002742783795e+00,3.612752403793327005e+01,7.790870928593040645e+00
6.692142225709940107e+00,3.597301078715484834e+01,9.488192339910790807e+00
7.773996936114056844e+00,3.577582674669417884e+01,1.123041979118847244e+01
8.876589991977038352e+00,3.554892532755911105e+01,1.301950178137946956e+01
9.992479042519054389e+00,3.528998456213283674e+01,1.484448681397955916e+01
1.112450050418303604e+01,3.498515419130080772e+01,1.669621138988373943e+01
1.225017452197287682e+01,3.466580436314279723e+01,1.857911474815145070e+01
1.338590098446745102e+01,3.429524001124309507e+01,2.046728679017941843e+01
1.450531923167163839e+01,3.391030515930132339e+01,2.237608124816521382e+01
1.561615830256889303e+01,3.349283930663843734e+01,2.428211294568656342e+01
1.671848016566113060e+01,3.304345603373947426e+01,2.618127092986284765e+01
1.778857672715356131e+01,3.258506807816085882e+01,2.807958741123656665e+01
1.884678653420778716e+01,3.209841222584653053e+01,2.995499738143215041e+01
1.987725010013102533e+01,3.159902106020681956e+01,3.181448578571098196e+01
2.087650825856726300e+01,3.109038134325928837e+01,3.365130060184030469e+01
2.186089968350564305e+01,3.056353372385298428e+01,3.545319579130587329e+01
2.279829226483065696e+01,3.004109664684539993e+01,3.723207943820793275e+01
2.371902274327109339e+01,2.950701682311170870e+01,3.897171186412040100e+01
2.460455414507676153e+01,2.897402009241104537e+01,4.067296406904183925e+01
2.546235434262743169e+01,2.843961368837441483e+01,4.233735821474677863e+01
2.628827824669539126e+01,2.790810807312767139e+01,4.395793613323073146e+01
2.709142690087110594e+01,2.737655079533674396e+01,4.553314700339618071e+01
2.785856751443253998e+01,2.685229145302937326e+01,4.706416701997310525e+01
2.860969923058364728e+01,2.632795613318582184e+01,4.854478530461457808e+01
2.932170865140142624e+01,2.581440070263133535e+01,4.997722625955663034e+01
3.001927643459106321e+01,2.530234708770165852e+01,5.135743278688543967e+01
3.068677256409560172e+01,2.479918937726674599e+01,5.268489385259879754e+01
3.133384993084620262e+01,2.430216942914756828e+01,5.395715184405755593e+01
3.196602174805545005e+01,2.380977815875338877e+01,5.517414837122469606e+01
3.256807747446627133e+01,2.332986319740535919e+01,5.633231024198982340e+01
3.315755208498405437e+01,2.285656343449177186e+01,5.743216935367050979e+01
3.373536874947422604e+01,2.239121362429902717e+01,5.847325196167989958e+01
3.429373149675038945e+01,2.194061389533919026e+01,5.944954470814840164e+01
3.483783549220587616e+01,2.150417849817748817e+01,6.036856344652431261e+01
3.538266605721252489e+01,2.108344040671941144e+01,6.121878517340911685e+01
3.591142495000725177e+01,2.072115565573871976e+01,6.204290319924986363e+01
-8.758826910958934786e-02,4.173513225495002388e+01,5.196676408056563612e-02
6.026587386884723063e-01,4.172033072039711499e+01,1.573246231849915411e+00
1.358606109420377628e+00,4.165012733932734079e+01,3.169177857551887634e+00
2.183613059047847305e+00,4.155984785229873069e+01,4.831638052190812438e+00
3.061595109832845552e+00,4.144262809547876003e+01,6.547243335775754680e+00
3.986139850859199640e+00,4.127886962135200832e+01,8.318120571099042238e+00
4.936537835562179843e+00,4.108839188964060440e+01,1.014733639322697734e+01
5.913602127290344512e+00,4.084088062786349127e+01,1.201724413859638396e+01
6.909726273436407773e+00,4.055874024875244999e+01,1.393261297586339964e+01
7.921034970964920596e+00,4.022714531513435077e+01,1.587136937200584264e+01
8.947930804751548450e+00,3.984689317695388411e+01,1.783504969866815415e+01
9.975233662520661682e+00,3.943340143832812572e+01,1.981135745743936027e+01
1.101654873029453974e+01,3.896100189973518724e+01,2.178637239166004491e+01
1.204625450506585693e+01,3.846827835639150805e+01,2.376991376293235803e+01
1.307654052163367986e+01,3.792988547724706905e+01,2.572998357756964083e+01
1.410357050386042488e+01,3.735632816637183851e+01,2.767638244370343514e+01
1.511415366027387641e+01,3.676129729746664054e+01,2.960226221904911270e+01
1.612021504851313836e+01,3.613331113362188063e+01,3.149241273470593683e+01
1.710952743711768420e+01,3.548768112872365066e+01,3.335543855090585907e+01
1.808255170730619454e+01,3.482521917190415905e+01,3.517906517203607564e+01
1.904594268841854188e+01,3.414332562964514750e+01,3.695949611699664672e+01
1.998577823606330384e+01,3.345556450418128236e+01,3.870374476783568696e+01
2.091018245093153638e+01,3.275800757233994887e+01,4.039837093968964155e+01
2.182043008643615778e+01,3.205228742342244175e+01,4.204569739773875625e+01
2.270641494601099453e+01,3.134684609205454464e+01,4.364941789725983767e+01
2.357699230788168876e+01,3.063835546882163285e+01,4.519947136589825476e+01
2.442921597289372571e+01,2.992989121438624167e+01,4.669976224751705018e+01
2.526118686814933767e+01,2.922420440142856179e+01,4.814894510480949208e+01
2.607639861343635346e+01,2.852068778081609679e+01,4.954358461191831964e+01
2.687188599639404529e+01,2.782209988355592856e+01,5.088554000368061025e+01
2.765014414475361804e+01,2.712834620265359575e+01,5.217155331141296415e+01
2.840954396417819794e+01,2.644138363599375552e+01,5.340218696954607225e+01
2.915311924854936620e+01,2.576098158531040383e+01,5.457453803234634648e+01
2.987844760615514872e+01,2.508945512634829811e+01,5.568996531987210119e+01
3.058859826996409836e+01,2.442715434894660476e+01,5.674492037233508768e+01
3.128378490518677779e+01,2.377552584578265638e+01,5.774025852002368708e+01
3.196295658627296632e+01,2.313783299261800508e+01,5.867503612741897001e+01
3.263332528846456881e+01,2.251376980828378294e+01,5.954581829295483431e+01
3.328608072260023931e+01,2.191158393341694932e+01,6.035925789393299112e+01
3.393629225316265519e+01,2.132912593086544106e+01,6.110623905446897908e+01
3.456247672328003517e+01,2.079260598965995044e+01,6.183959821426898174e+01
