# x_mm,y_mm,z_mm
3.088595149772043769e+01,2.595899492927041052e+01,2.682395317145814806e-01
3.126308550580974099e+01,2.645029711924339821e+01,9.133242954595953700e-01
3.167929946634868088e+01,2.698281830107959678e+01,1.534472736210954036e+00
3.214336643675495253e+01,2.756827385410504405e+01,2.114127630429802451e+00
3.266044830266580590e+01,2.821399262889890736e+01,2.686333298501610845e+00
3.316321072624960209e+01,2.893250673924164573e+01,3.265639445467397373e+00
3.366179748287386531e+01,2.966211388868878984e+01,3.868767728853207188e+00
3.417751966350225956e+01,3.040500888845233973e+01,4.505734824863395716e+00
3.471456356478831395e+01,3.118046540118647059e+01,5.192493622592058600e+00
3.520078732854867098e+01,3.200196027180376745e+01,5.919345856586437193e+00
3.569164602667107289e+01,3.281731168651089092e+01,6.667570114257573621e+00
3.620146003888687147e+01,3.364963851031052400e+01,7.459744342840163966e+00
3.667602277782334141e+01,3.451463864695332262e+01,8.295174171660777418e+00
3.712705901731616365e+01,3.538445325580224932e+01,9.156579596548072075e+00
3.758599428989180780e+01,3.625288383049045393e+01,1.004755054596639141e+01
3.803323552391806572e+01,3.713695465456303424e+01,1.097951964097313748e+01
3.842791883409937270e+01,3.803234363336584067e+01,1.194040313169521816e+01
3.882281463683305844e+01,3.891078028960264845e+01,1.291528742962631071e+01
3.922645936801716005e+01,3.979105868121417444e+01,1.392536951964678948e+01
3.955700437665257141e+01,4.068189612452883352e+01,1.496314331804987852e+01
3.988048219767268421e+01,4.154817609126703104e+01,1.600384396366706952e+01
4.020653913476050434e+01,4.240336705909086135e+01,1.706369371598140106e+01
4.049628699944166499e+01,4.325468404529945587e+01,1.814366201553179536e+01
4.074515093978075697e+01,4.408919305418683621e+01,1.922721736957659289e+01
4.099122199432037661e+01,4.489713340464624025e+01,2.030668917099862014e+01
4.123802416236577528e+01,4.569086958691776346e+01,2.139735276321211188e+01
4.142453304305326611e+01,4.647197928684933288e+01,2.249159586692282531e+01
4.159484768061851412e+01,4.722185395184078516e+01,2.356838683139244139e+01
4.176255829577613099e+01,4.794439288177716918e+01,2.463242217173804605e+01
4.192911631928463123e+01,4.864765751579395925e+01,2.569379983814870272e+01
4.204489462687989487e+01,4.933115132138394898e+01,2.674508233556576187e+01
4.214334083311607060e+01,4.998142169264441037e+01,2.776704001416311840e+01
4.223942991194895313e+01,5.060195446082936144e+01,2.876357419815997929e+01
4.233328487522478412e+01,5.119508424978111094e+01,2.973602902401367132e+01
4.242301594978202672e+01,5.176865586161218147e+01,3.069521722266480168e+01
4.246161819980402896e+01,5.231675652560785039e+01,3.162711814726284132e+01
4.249872631798791645e+01,5.282897104027210844e+01,3.251380774567993370e+01
4.253477708984714667e+01,5.331401379196605461e+01,3.336786701102528241e+01
4.256967376290821647e+01,5.377228812619222964e+01,3.418789679721407992e+01
4.260332960458899265e+01,5.420430917624663891e+01,3.497280331255359442e+01
4.263683502725530872e+01,5.468972356752052377e+01,3.568168881673715020e+01
3.037031388349619832e+01,2.634878126605059023e+01,2.646589905738118698e-01
3.072301338968567208e+01,2.685684034157442923e+01,9.139281142313012696e-01
3.112655132803660507e+01,2.739806851669597876e+01,1.539367626730579364e+00
3.159034393295375409e+01,2.798346687041521719e+01,2.124258778084619603e+00
3.210117299532247159e+01,2.860649465108145506e+01,2.686910174341633706e+00
3.259923096169386980e+01,2.929556377356896490e+01,3.254641319807263677e+00
3.310691376593127444e+01,3.001245046096154212e+01,3.860296597253802808e+00
3.363413464263582142e+01,3.074466211670713278e+01,4.501670979947363094e+00
3.417086347346831587e+01,3.149203541252527927e+01,5.176756105636260763e+00
3.465994065522630052e+01,3.228829032157151602e+01,5.893666662865480355e+00
3.516545784967399868e+01,3.309537351604157607e+01,6.647414242176468591e+00
3.568314800108503704e+01,3.390853583332955878e+01,7.434162603109550460e+00
3.616289911862056528e+01,3.474943654328240683e+01,8.258258827099609789e+00
3.662596582270218448e+01,3.560654845579240657e+01,9.118939916588301386e+00
3.709759092231512767e+01,3.646388862430745803e+01,1.001025225385917494e+01
3.755194856752949306e+01,3.732752726009424293e+01,1.093162852821025233e+01
3.795613305277181126e+01,3.820790867085931808e+01,1.188670216974998262e+01
3.836468492347178483e+01,3.908171644246615273e+01,1.286673382356871542e+01
3.877557565822873187e+01,3.994606764415644307e+01,1.386826073067187437e+01
3.911269018940866715e+01,4.082145612506473498e+01,1.489698377995374479e+01
3.944613715485929362e+01,4.168446217710523882e+01,1.594272339200719202e+01
3.977888733476746097e+01,4.253196426321309787e+01,1.700187530076500408e+01
4.007213115777565804e+01,4.337081529127035395e+01,1.807455820291546900e+01
4.032459947736317929e+01,4.419862604256248062e+01,1.915796120998592045e+01
4.057388027315058565e+01,4.500531005306743992e+01,2.024467338336808808e+01
4.082003075786681023e+01,4.579010905210124349e+01,2.133223013897216092e+01
4.100383462026293557e+01,4.656071376462204370e+01,2.242112328855044012e+01
4.117105747676347960e+01,4.730776996502471832e+01,2.350387453743249111e+01
4.133405569841168870e+01,4.802891244404241888e+01,2.457665371180854308e+01
4.149307298911693209e+01,4.872399976768512886e+01,2.563716560923250398e+01
4.159940663070948119e+01,4.939692287667308079e+01,2.668424043764222731e+01
4.168752519955412339e+01,5.004290043512224884e+01,2.771233937305213146e+01
4.177206741994122297e+01,5.066072873901064355e+01,2.871832910091124091e+01
4.185311132016519053e+01,5.125044323921965628e+01,2.969985882961221080e+01
4.192833269094062132e+01,5.181253986541067036e+01,3.065516967253520875e+01
4.195148278692784771e+01,5.234879048901041187e+01,3.158271966574003287e+01
4.197274906973323993e+01,5.285680128191874871e+01,3.247854277584342952e+01
4.199248695613957238e+01,5.333733869329083177e+01,3.334163911677812564e+01
4.201088113741924701e+01,5.379087124656098950e+01,3.417059557694556560e+01
4.202795724136979061e+01,5.421796088334826891e+01,3.496427484971911070e+01
4.204415752800476014e+01,5.469877877056598692e+01,3.568266960920319519e+01
2.741534381018519539e+01,3.064428113489713468e+01,2.094836695846687968e-01
2.774046315772996252e+01,3.108498532264418301e+01,9.196452313855888461e-01
2.811826902934597072e+01,3.155680924132477472e+01,1.620112774486964780e+00
2.855944159367210844e+01,3.206805184306067247e+01,2.298563550167470826e+00
2.905033497199662307e+01,3.261210325364088902e+01,2.968580040812034415e+00
2.953672553419682600e+01,3.321043877408314415e+01,3.653006161128323548e+00
3.003350053972032185e+01,3.382891099202620211e+01,4.377331737305427239e+00
3.054952784266003363e+01,3.445609829987061801e+01,5.137954413754620475e+00
3.107583366403433089e+01,3.509263230639338360e+01,5.931755669420916810e+00
3.156533128606557526e+01,3.576661778287896709e+01,6.763787643105959368e+00
3.207114923153160646e+01,3.644510964355909266e+01,7.629430183027142043e+00
3.258890147134214033e+01,3.712531882158118890e+01,8.523890643990108984e+00
3.307714871156483838e+01,3.782614536052155074e+01,9.448726670620782642e+00
3.355444896822512391e+01,3.853661349926323254e+01,1.040158569015648027e+01
3.403979216869574032e+01,3.924516235636072281e+01,1.137718680613417632e+01
3.451209527787217723e+01,3.995763876634798351e+01,1.237309306130813269e+01
3.494575276584211565e+01,4.068204442932547238e+01,1.338936051936788552e+01
3.538282033649574032e+01,4.140097994279159366e+01,1.441991868449516545e+01
3.582250150553003465e+01,4.211217544670348190e+01,1.546038044837856695e+01
3.620350332326288623e+01,4.283323328056963675e+01,1.651209186634673998e+01
3.658073411622971349e+01,4.354569129331474642e+01,1.756826522321495077e+01
3.695744656322917621e+01,4.424703046048351496e+01,1.862516510036309469e+01
3.730192685528695051e+01,4.494405419780667188e+01,1.968173565649382439e+01
3.761266675253796876e+01,4.563488195918722568e+01,2.073487514956881128e+01
3.791948463219868160e+01,4.631107686491986186e+01,2.177944787252759085e+01
3.822278748296307782e+01,4.697258717138734596e+01,2.281428217168362949e+01
3.847467795303732885e+01,4.762636381350939985e+01,2.383783236291963092e+01
3.871117087592669037e+01,4.826358170433774575e+01,2.484489120914526694e+01
3.894200592490238932e+01,4.888238535357843517e+01,2.583377850718932223e+01
3.916774363243863633e+01,4.948284101788411249e+01,2.680383418964455444e+01
3.934969641404633478e+01,5.006800304427373760e+01,2.775219097241583910e+01
3.951351526457629149e+01,5.063318916891022781e+01,2.867608676040858739e+01
3.967207227394202818e+01,5.117637440822165473e+01,2.957361026326091391e+01
3.982511222966767406e+01,5.169760948543839163e+01,3.044413344806675781e+01
3.997024128862638293e+01,5.219782459008531816e+01,3.128815289623499041e+01
4.007193996356545540e+01,5.267719948948576558e+01,3.210068566508480359e+01
4.016799620106165492e+01,5.313308663556459521e+01,3.288179203266675188e+01
4.025897297675638242e+01,5.356619046686561347e+01,3.363193864601448269e+01
4.034725425477370209e+01,5.397516603802234414e+01,3.434830494124096845e+01
4.043030055173710480e+01,5.436183894320087973e+01,3.503299243416559250e+01
4.050819916849279423e+01,5.479487615406050338e+01,3.564933283924972329e+01
2.447377829016272699e+01,3.494248558064334986e+01,1.579761651225844998e-01
2.478125887519938786e+01,3.531953830747872303e+01,9.402301813489724047e-01
2.513935847083710584e+01,3.572548353621351680e+01,1.727722436651610405e+00
2.555955806960426102e+01,3.616513756399042023e+01,2.511429154089000804e+00
2.602946915155219543e+01,3.663154507536711435e+01,3.300853030093432228e+00
2.650161020638150688e+01,3.713941336353854439e+01,4.112447424144911601e+00
2.698424958606685209e+01,3.765928400067606674e+01,4.964650350769741927e+00
2.748544114184263165e+01,3.818080905525413016e+01,5.852843244829096570e+00
2.799754973791101520e+01,3.870535300207339446e+01,6.772859033027276432e+00
2.848322379135884574e+01,3.925565106467723808e+01,7.725568460453292374e+00
2.898448680406725941e+01,3.980406121720878332e+01,8.706815967921988531e+00
2.949714708599290347e+01,4.034963838888251786e+01,9.710963278327159998e+00
2.998832310904975174e+01,4.090876326097448157e+01,1.073630869613221073e+01
3.047390725716379478e+01,4.147140026887299058e+01,1.177897372631031203e+01
3.096673285144959209e+01,4.203030922655691626e+01,1.283462781590741919e+01
3.145034234742632862e+01,4.259105872113661917e+01,1.389872238107937008e+01
3.190663257503080175e+01,4.315971410040996403e+01,1.496805963113270721e+01
3.236563270008038273e+01,4.372474731799031389e+01,1.604015781174951627e+01
3.282708374662970385e+01,4.428399130836358921e+01,1.710888725062190119e+01
3.324477771398153436e+01,4.485258534121680185e+01,1.817201862331996054e+01
3.365963169929391086e+01,4.541720633703912569e+01,1.922759096419349589e+01
3.407419752954149317e+01,4.597525753293193418e+01,2.027078389093553668e+01
3.446360756232409983e+01,4.653326826469159982e+01,2.129955901794379614e+01
3.482732299841841694e+01,4.709032785641719698e+01,2.231201993565793273e+01
3.518778122111075390e+01,4.763957615258829748e+01,2.330553153631023378e+01
3.554412403749350347e+01,4.818052626231776969e+01,2.427858054951284927e+01
3.586034763988548235e+01,4.871960165598013504e+01,2.522895177140898682e+01
3.616442327405690804e+01,4.924936190791321877e+01,2.615500128614405995e+01
3.646270022608505457e+01,4.976786041266863236e+01,2.705617349137740391e+01
3.675491845043681849e+01,5.027439586126688909e+01,2.793198726248866137e+01
3.701288495303398207e+01,5.077134483202534909e+01,2.877918666077019338e+01
3.725494504396695561e+01,5.125532690153994508e+01,2.959882812173321653e+01
3.749153663744087339e+01,5.172295176059887467e+01,3.038924612398356118e+01
3.772175778765995346e+01,5.217399829830856106e+01,3.115087423969317371e+01
3.794262106098770460e+01,5.260916287531382096e+01,3.188505421820055474e+01
3.813003981905091422e+01,5.302745536371615032e+01,3.258565051341155794e+01
3.831006107278489736e+01,5.342724319628353413e+01,3.325680593426233145e+01
3.848280119555272449e+01,5.380836864764508221e+01,3.389893846072511963e+01
3.865279362064508462e+01,5.416747252511449062e+01,3.450808793548569042e+01
3.881498609022950319e+01,5.450804666237455365e+01,3.508914395334919334e+01
3.896939084265115838e+01,5.488771267931636544e+01,3.560955199728719833e+01
2.154360897714195744e+01,3.924849591622048450e+01,1.162536716886104909e-01
2.184328170751176401e+01,3.957001872583110469e+01,9.494224553964855096e-01
2.218812444713895360e+01,3.991763645526136628e+01,1.800316219989869237e+00
2.259009741563776075e+01,4.029216585261239914e+01,2.661793019900617896e+00
2.303882525620685584e+01,4.068655213166222495e+01,3.540150761514146094e+00
2.349565002832004268e+01,4.111030930486069934e+01,4.445316362149713818e+00
2.396316502449531427e+01,4.153965098914235909e+01,5.390193126830652659e+00
2.444838747803616741e+01,4.196516823251543826e+01,6.369643253321942922e+00
2.494492925194047217e+01,4.238879842340500659e+01,7.378911858309621152e+00
2.542540426806925780e+01,4.282804300775875816e+01,8.414965931266017662e+00
2.592059615834682518e+01,4.326063235762445913e+01,9.474187701768315151e+00
2.642648839172102626e+01,4.368714821027931805e+01,1.055077578691468787e+01
2.691886256208855244e+01,4.412127191664055914e+01,1.164043550720631970e+01
2.741081382088736973e+01,4.455374081257758689e+01,1.273805713185542565e+01
2.790899119626070402e+01,4.498135070238087962e+01,1.384065095512529986e+01
2.840180062402930972e+01,4.540899872022735195e+01,1.494255072116868988e+01
2.887851032259036188e+01,4.584030669696009852e+01,1.603787916205054387e+01
2.935679750048516823e+01,4.626929268781860571e+01,1.712757255920012511e+01
2.983759240948281288e+01,4.669357384740789740e+01,1.820485141688440223e+01
3.028962445708636508e+01,4.712507837637129171e+01,1.926459711477836834e+01
3.073925109222734164e+01,4.755522754455968482e+01,2.030909472323079612e+01
3.118899580793472381e+01,4.798116979852254360e+01,2.133309863431744802e+01
3.162095437213834259e+01,4.840874275784226910e+01,2.233391528475008059e+01
3.203516644104181665e+01,4.883749406186566944e+01,2.331072021144773032e+01
3.244670018134047496e+01,4.926201477702292664e+01,2.426297183950998715e+01
3.285404527450523915e+01,4.968159359959959431e+01,2.518880971552704651e+01
3.323289502948577478e+01,5.010170591165115894e+01,2.608555502456607300e+01
3.360281970092155035e+01,5.051619641370797353e+01,2.695425669296253446e+01
3.396708492633578658e+01,5.092335852175862243e+01,2.779499075599078139e+01
3.432493024222009836e+01,5.132209460647461441e+01,2.860714424722967308e+01
3.465841393896708666e+01,5.171388758707485067e+01,2.938701463882214782e+01
3.497843484298790884e+01,5.209699961348346164e+01,3.013849656228646978e+01
3.529319893950874132e+01,5.246711076552622899e+01,3.085971436712356919e+01
3.560116364752872897e+01,5.282403904646188408e+01,3.155147235927268667e+01
3.589884884996619974e+01,5.316869251213033465e+01,3.221547839641687005e+01
3.617339439062912021e+01,5.349875239970158702e+01,3.284461356806641419e+01
3.643923154202485648e+01,5.381443241629735041e+01,3.344591072419069633e+01
3.669612945484185929e+01,5.411512238555545906e+01,3.401931739689391776e+01
3.695076102005600660e+01,5.439555703855801028e+01,3.455948062095627904e+01
3.719559828147163216e+01,5.466156234440006045e+01,3.507357346140755538e+01
3.743058251680952253e+01,5.496229234758580162e+01,3.553691623891524642e+01
1.862086358038883560e+01,4.355975860147473355e+01,8.393788647322759922e-02
1.892089460484059416e+01,4.383057310241873239e+01,9.321342818631408456e-01
1.925876898061484255e+01,4.412378988361110999e+01,1.806900975257174746e+00
1.964657708812739045e+01,4.443690159700683040e+01,2.702158840390246564e+00
2.007600108903049119e+01,4.476349679263529424e+01,3.621925952303765239e+00
2.051931461986490746e+01,4.510960935560186869e+01,4.571168751751351067e+00
2.097387351890949958e+01,4.545722421535713664e+01,5.558296408642959818e+00
2.144544776338632275e+01,4.579777874163710294e+01,6.578234411366429946e+00
2.192877076870555797e+01,4.613370600716105940e+01,7.626447020170536106e+00
2.240668834590485758e+01,4.647684814992035740e+01,8.697934181158581524e+00
2.289866308492644009e+01,4.681035697308288235e+01,9.788619401863007496e+00
2.340075320760812971e+01,4.713616221704513265e+01,1.089345707885979486e+01
2.389747558836754138e+01,4.746450053005894887e+01,1.200725712996364081e+01
2.439905848357644302e+01,4.778637833795667689e+01,1.312374475204738644e+01
2.490590230852937026e+01,4.810266926122468334e+01,1.424083369575047797e+01
2.541131740033579689e+01,4.841695184703728927e+01,1.535323593783281204e+01
2.591194896434594597e+01,4.872920609641134604e+01,1.645359055354965605e+01
2.641268799930512756e+01,4.903938813133221686e+01,1.754385170566775898e+01
2.691602502245597961e+01,4.934468734669597723e+01,1.861835882896930627e+01
2.740572071579641644e+01,4.965217145645944186e+01,1.967075638757367528e+01
2.789264986401449065e+01,4.995852158050082181e+01,2.070412609715844354e+01
2.837985400567379912e+01,5.026071248522782042e+01,2.171421551985844545e+01
2.885663855290389890e+01,5.056329168313380507e+01,2.269850714029872307e+01
2.932295423363691356e+01,5.086569652270586772e+01,2.365586019549589736e+01
2.978620446180964620e+01,5.116444014549991692e+01,2.458654934808279435e+01
3.024506740744680755e+01,5.145926183369606122e+01,2.548956694962373959e+01
3.068681807022015562e+01,5.175356693471074720e+01,2.636193365494800744e+01
3.112165952075795872e+01,5.204270879364185731e+01,2.720482144851740358e+01
3.155015487919464334e+01,5.232597503535925654e+01,2.801898489991031127e+01
3.197155843474097026e+01,5.260257049523995221e+01,2.880422154827036252e+01
3.237824811751405463e+01,5.287222066108083851e+01,2.955651079592847097e+01
3.277284946613878702e+01,5.313518324618708988e+01,3.028013107037951812e+01
3.316164825868984423e+01,5.338682169902178032e+01,3.097307868477909309e+01
3.354272092078380751e+01,5.362758568535882375e+01,3.163650585013447625e+01
3.391220802424949454e+01,5.385918202651923536e+01,3.227232031088145447e+01
3.426869365246611920e+01,5.407681374709411415e+01,3.287248049715670106e+01
3.461454830441805797e+01,5.428378626683360153e+01,3.344513723129445282e+01
3.494931587639889869e+01,5.447949737982414575e+01,3.398939817395314122e+01
3.528214528173824505e+01,5.465694101405842531e+01,3.449899772386086738e+01
3.560283815946234398e+01,5.482521697122818694e+01,3.498340118967390566e+01
3.590910748512581563e+01,5.502640631472399946e+01,3.542930019127618380e+01
1.585865573507227211e+01,4.766265649488331491e+01,5.621753401516896981e-02
1.616526991819616299e+01,4.788603558386894576e+01,9.227163425555596765e-01
1.650143022074329124e+01,4.812661398365337106e+01,1.822443687616772223e+00
1.687712287363812180e+01,4.837752078792080823e+01,2.745471136009326685e+00
1.729038158212195953e+01,4.863637580668751781e+01,3.704536054458881456e+00
1.772470256594040805e+01,4.890584234931956331e+01,4.699665440395709659e+00
1.816887348450223882e+01,4.917138786459062771e+01,5.725089870610192477e+00
1.862902701232761160e+01,4.942649300017795611e+01,6.779693833077405252e+00
1.910345438549657970e+01,4.967554142134842010e+01,7.865079155393449817e+00
1.958229990340392490e+01,4.992262179128087496e+01,8.970147074191737957e+00
2.007343184769294808e+01,5.015666599518873880e+01,1.008640826719885908e+01
2.057588684034212179e+01,5.038260917551295393e+01,1.121631666585403764e+01
2.108038891649441027e+01,5.060554032121012114e+01,1.235038417243217168e+01
2.159441501108032568e+01,5.081686360345138809e+01,1.348100518133761128e+01
2.211390223847578795e+01,5.102294201543279684e+01,1.460869350452629334e+01
2.263484904878515991e+01,5.122479391800867177e+01,1.572532275295662885e+01
2.316255331316400756e+01,5.141850810238224767e+01,1.682760678601420068e+01
2.368938267445729906e+01,5.161137493513909646e+01,1.791444849598697786e+01
2.421772900889165925e+01,5.179939758780069781e+01,1.897901857211033771e+01
2.474794247842332240e+01,5.198380825910813030e+01,2.002162417795522487e+01
2.527492428438302596e+01,5.216800770424574551e+01,2.104009641412920573e+01
2.580172560113617664e+01,5.234854471462913494e+01,2.203095923360327291e+01
2.632537693356396247e+01,5.252811810925273761e+01,2.299494333762060805e+01
2.684533707455636886e+01,5.270581249963974813e+01,2.392985227383337943e+01
2.736154381368127986e+01,5.288105077599732340e+01,2.483517728101305622e+01
2.787278147416712670e+01,5.305400508305531559e+01,2.571088266443623027e+01
2.837755600319978555e+01,5.322437377872184072e+01,2.655621907642924739e+01
2.887700472500554483e+01,5.339023670104939612e+01,2.737072172103020407e+01
2.936920331814679486e+01,5.355234191457576287e+01,2.815556213840199362e+01
2.985242448893154332e+01,5.370975345981594984e+01,2.890937368730171997e+01
3.033023731976078352e+01,5.385926007806057214e+01,2.963229893451232755e+01
3.079678157463182231e+01,5.400426886606133081e+01,3.032634152271619143e+01
3.125572209338006147e+01,5.413964055725641344e+01,3.098820640712603591e+01
3.170646819930103533e+01,5.426716993801795041e+01,3.162212321737953502e+01
3.214225415529617180e+01,5.438845136316034967e+01,3.222557322067582675e+01
3.257413712530358652e+01,5.449475553141943607e+01,3.279525665654590227e+01
3.299488978007878615e+01,5.459541595764529376e+01,3.334116150790278255e+01
3.339894013963915853e+01,5.468835820643045054e+01,3.385329746020180153e+01
3.380058882625800720e+01,5.476515732324345009e+01,3.433091468037547145e+01
3.418998338698656880e+01,5.483935269820833724e+01,3.478967792894403743e+01
3.455934998011106529e+01,5.494281731218124065e+01,3.522176569063051232e+01
