"Time_Iter","Outer_Iter","Inner_Iter",    "rms[Rho]"    ,    "rms[RhoU]"   ,    "rms[RhoV]"   ,    "rms[RhoW]"   ,    "rms[RhoE]"   
          0,           0,           0,      -3.659493513,      -1.645789662,      -15.58965904,      -15.48688811,       1.517169879
          0,           0,           1,      -3.790534953,      -1.775543491,      -1.712906815,      -1.717223435,       1.670002129
          0,           0,           2,      -3.837254759,      -1.821406584,      -1.640890108,      -1.660703348,       1.620039369
          0,           0,           3,      -3.878867252,       -1.85812519,      -1.596225292,      -1.632440509,       1.583847012
          0,           0,           4,      -3.917274409,      -1.888344337,      -1.564863194,      -1.617300398,       1.553636329
          0,           0,           5,       -3.94863744,      -1.909430524,       -1.54226935,      -1.607941496,       1.530729123
          0,           0,           6,      -3.972983709,      -1.922888361,      -1.528595276,      -1.604129348,        1.51287993
          0,           0,           7,      -3.991025371,      -1.930453496,      -1.525646836,      -1.610391092,       1.498429289
          0,           0,           8,      -4.003760969,      -1.934385913,      -1.528631446,       -1.62570713,       1.487232882
          0,           0,           9,      -4.011182252,      -1.935316162,      -1.533180703,      -1.644273738,       1.481135301
          0,           0,          10,      -4.017704265,       -1.93602382,      -1.539559392,       -1.66051341,       1.475718001
          0,           0,          11,      -4.024090593,      -1.936838548,      -1.549820627,      -1.673758261,       1.470342657
          0,           0,          12,      -4.032389415,      -1.939076284,       -1.55684826,      -1.684466299,       1.462961134
          0,           0,          13,      -4.046767462,      -1.945716933,        -1.5595016,      -1.687951693,       1.449408071
          0,           0,          14,      -4.067105246,      -1.956513249,        -1.5580847,      -1.682551551,       1.430247554
          0,           0,          15,      -4.095788596,       -1.97239296,      -1.552288982,      -1.671684242,       1.402970484
          0,           0,          16,      -4.135651778,      -1.994382814,       -1.54214749,      -1.656843885,       1.365450094
          0,           0,          17,      -4.191265226,      -2.023691375,      -1.531123833,      -1.641729879,       1.312948749
          0,           0,          18,      -4.261393253,       -2.05770082,       -1.51978785,      -1.629304771,       1.248722435
          0,           0,          19,      -4.343115079,      -2.093330586,       -1.51055394,       -1.62265315,       1.177111269
          0,           0,          20,      -4.422346629,      -2.125478871,      -1.505552602,       -1.62276033,       1.112003695
          0,           0,          21,      -4.462373209,      -2.147572385,      -1.506714393,      -1.631140175,       1.080026009
          0,           0,          22,      -4.427537715,      -2.152192873,      -1.514581772,      -1.648114988,       1.105165869
          0,           0,          23,      -4.348480918,      -2.139518963,      -1.527964383,      -1.673065699,        1.16895144
          0,           0,          24,      -4.272170357,      -2.118028587,      -1.547044324,      -1.704365073,       1.234913271
          0,           0,          25,      -4.210314434,      -2.094292838,      -1.569570067,      -1.738436979,       1.290928611
          0,           0,          26,      -4.163306692,      -2.072459488,      -1.593945956,      -1.773223224,       1.334500341
          0,           0,          27,       -4.12924871,      -2.054892606,        -1.6189656,      -1.804361464,       1.366834735
          0,           0,          28,      -4.105047142,      -2.041533151,      -1.644213171,      -1.828234714,       1.390373024
          0,           0,          29,      -4.088586856,      -2.032198141,      -1.669176523,      -1.843354711,       1.406804444
          0,           0,          30,      -4.078038597,      -2.025962875,      -1.692918949,       -1.85009691,       1.417707995
          0,           0,          31,      -4.071867583,      -2.022649255,      -1.715858802,      -1.850456739,       1.424397212
          0,           0,          32,      -4.068950642,       -2.02004743,      -1.739425974,      -1.847115996,       1.427829145
          0,           0,          33,      -4.068001946,      -2.019910973,      -1.762025407,      -1.841324157,       1.429298126
          0,           0,          34,      -4.068019144,      -2.020134402,       -1.78452846,       -1.83578387,       1.429668282
          0,           0,          35,      -4.068386752,      -2.020563333,      -1.806530778,      -1.830172331,       1.429741252
          0,           0,          36,      -4.069281524,      -2.020101136,       -1.82670678,      -1.826779589,       1.429260623
          0,           0,          37,      -4.070733969,      -2.020091083,      -1.844260649,      -1.824226469,       1.428214995
          0,           0,          38,      -4.073005053,      -2.020448181,      -1.858434817,      -1.823863242,       1.426372514
          0,           0,          39,      -4.076370189,      -2.021587413,      -1.867134976,      -1.826014062,       1.423509079
          0,           0,          40,      -4.080848337,       -2.02264218,      -1.869685472,      -1.831747788,        1.41956231
          0,           0,          41,      -4.086754703,      -2.024702986,      -1.865630615,      -1.841078358,       1.414264774
          0,           0,          42,      -4.094378117,      -2.027549836,      -1.855945014,      -1.856159284,       1.407274484
          0,           0,          43,      -4.103475461,      -2.031087436,      -1.840325668,      -1.876918694,       1.398728201
          0,           0,          44,      -4.114783293,      -2.035988897,      -1.820400229,      -1.903297929,       1.387714155
          0,           0,          45,      -4.128962671,      -2.042269387,      -1.798046424,      -1.933175585,       1.373352329
          0,           0,          46,      -4.146541767,      -2.048611101,       -1.77463022,      -1.962841412,       1.354919321
          0,           0,          47,      -4.167477818,      -2.056942178,      -1.750953748,      -1.987862978,       1.332374674
          0,           0,          48,      -4.191574996,      -2.069190791,      -1.727851243,      -2.004496429,       1.305472458
          0,           0,          49,      -4.218577624,      -2.081241226,      -1.706724116,      -2.011156247,         1.2744541
          0,           0,          50,      -4.248367668,       -2.09606459,      -1.688089876,      -2.008444173,        1.23941472
          0,           0,          51,      -4.280320762,      -2.109968792,      -1.671992063,      -2.000248678,       1.201204651
          0,           0,          52,      -4.313558736,      -2.125204683,      -1.658379439,      -1.990018756,       1.160844538
          0,           0,          53,      -4.347210171,      -2.145023127,      -1.647037711,      -1.980430379,       1.119648133
          0,           0,          54,      -4.378773734,      -2.162158564,      -1.638365903,        -1.9731093,       1.081235818
          0,           0,          55,      -4.406220598,      -2.176871292,      -1.632073346,      -1.968385723,       1.048886168
          0,           0,          56,      -4.427403974,      -2.189479534,       -1.62800636,      -1.967252821,       1.025779731
          0,           0,          57,      -4.441235691,      -2.200956021,      -1.625876715,      -1.969729392,       1.013251626
          0,           0,          58,      -4.445460449,      -2.210445588,      -1.625685096,      -1.975126989,       1.013065219
          0,           0,          59,      -4.438764547,      -2.217024466,      -1.627739695,      -1.983201794,       1.025436767
          0,           0,          60,      -4.422427646,      -2.220253365,      -1.632338373,      -1.993978841,       1.047564635
          0,           0,          61,      -4.400028462,      -2.220697711,      -1.639386939,      -2.007424278,        1.07476173
          0,           0,          62,      -4.375208642,      -2.218873435,      -1.648509822,      -2.022573659,       1.102729827
          0,           0,          63,      -4.348910865,      -2.215052748,      -1.660112202,      -2.037991772,       1.130675397
          0,           0,          64,       -4.32301002,       -2.20841988,      -1.674473961,      -2.052741916,       1.157217342
          0,           0,          65,      -4.298999156,      -2.201148457,      -1.691358875,      -2.065854739,       1.180953017
          0,           0,          66,      -4.273851769,      -2.099171375,      -1.710392174,      -2.076046006,       1.206325277
          0,           0,          67,      -4.258014619,      -2.187004298,      -1.732633688,      -2.083030183,       1.219747297
          0,           0,          68,      -4.237849456,      -2.089469027,      -1.757274741,      -2.086916717,       1.239469809
          0,           0,          69,      -4.223016316,       -2.09849524,      -1.785043908,      -2.088251092,       1.252200618
          0,           0,          70,      -4.210242415,      -2.143696659,      -1.816696411,      -2.088608765,        1.26251613
          0,           0,          71,      -4.198069348,      -2.118559749,      -1.851958127,      -2.089155049,       1.275497615
          0,           0,          72,      -4.186679324,      -2.129643562,      -1.892092641,      -2.091291105,       1.284876212
          0,           0,          73,      -4.176346249,      -2.118205833,      -1.937370265,      -2.095928377,       1.294858176
          0,           0,          74,      -4.166775612,      -2.099528247,      -1.988724971,      -2.104310756,       1.304564055
          0,           0,          75,      -4.159548492,      -2.117689517,      -2.044807985,      -2.117278484,       1.310290494
          0,           0,          76,      -4.153340386,      -2.093572374,      -2.100751034,      -2.135350955,       1.317386793
          0,           0,          77,      -4.150345389,      -2.094967449,      -2.143233021,      -2.158953701,       1.321351251
          0,           0,          78,      -4.150234563,      -2.101377469,      -2.152916859,      -2.188973411,       1.322604549
          0,           0,          79,      -4.152852625,      -2.103190426,      -2.119999111,      -2.225596098,         1.3213776
          0,           0,          80,      -4.158972761,      -2.107550885,      -2.057991597,      -2.268898468,       1.316930034
          0,           0,          81,      -4.168773218,      -2.117308171,      -1.987750428,      -2.319038966,        1.30864682
          0,           0,          82,      -4.182119673,      -2.128778684,      -1.921731223,      -2.374550948,       1.296807184
          0,           0,          83,      -4.198883953,      -2.141663623,      -1.864099622,      -2.431598802,        1.28134651
          0,           0,          84,      -4.219034015,      -2.156902434,      -1.815595975,      -2.482366201,       1.262309313
          0,           0,          85,       -4.24220628,      -2.175320381,      -1.775855237,      -2.514963794,       1.239999873
          0,           0,          86,      -4.267436146,      -2.193942497,      -1.743858836,      -2.519754994,       1.215427738
          0,           0,          87,      -4.294138841,      -2.214349409,      -1.718578033,      -2.498119007,       1.189339008
          0,           0,          88,      -4.321642389,      -2.235296541,      -1.698905573,      -2.460977963,       1.162621641
          0,           0,          89,      -4.348864567,      -2.255422933,      -1.683924303,      -2.420207142,       1.136478343
          0,           0,          90,      -4.374946908,      -2.274236961,      -1.672826974,      -2.383367366,       1.111922354
          0,           0,          91,      -4.398369225,      -2.287590015,      -1.664862622,      -2.354504059,       1.090815177
          0,           0,          92,      -4.418585013,      -2.300567587,      -1.659253521,      -2.334838651,        1.07356602
          0,           0,          93,      -4.434437353,      -2.311809321,      -1.655597437,      -2.324722411,       1.061141835
          0,           0,          94,      -4.444771118,      -2.319715762,      -1.653641774,       -2.32400813,       1.054435201
          0,           0,          95,      -4.449466939,      -2.325439214,      -1.653141516,      -2.332872982,       1.053265225
          0,           0,          96,      -4.448637591,      -2.326181435,      -1.653710317,      -2.351325218,       1.057128842
          0,           0,          97,      -4.443575542,      -2.324814788,       -1.65521861,      -2.379245382,       1.064510801
          0,           0,          98,      -4.435379455,      -2.323014436,      -1.657548249,      -2.416184825,       1.074269914
          0,           0,          99,      -4.425284675,      -2.323461955,      -1.660738111,      -2.461090927,       1.085249093
          0,           0,         100,      -4.413583497,      -2.323327347,       -1.66492049,      -2.511096085,       1.097064522
          0,           0,         101,      -4.400637383,      -2.317236484,      -1.670004168,      -2.560589121,       1.109508544
          0,           0,         102,      -4.387539954,      -2.309372587,      -1.676000766,      -2.600196268,       1.121633927
          0,           0,         103,      -4.374656211,      -2.304242094,       -1.68285505,      -2.620034179,       1.133208083
          0,           0,         104,      -4.361582688,      -2.297111002,      -1.690961368,      -2.615862582,       1.144611723
          0,           0,         105,      -4.348413424,      -2.289403523,      -1.700356026,      -2.592687458,       1.155932099
          0,           0,         106,      -4.335334573,      -2.282101742,      -1.711011474,      -2.560032803,       1.167089912
          0,           0,         107,      -4.322372191,      -2.273461529,      -1.723081807,      -2.526181274,       1.178148606
          0,           0,         108,      -4.309451433,       -2.26390985,      -1.737080784,      -2.495601021,       1.189273411
          0,           0,         109,      -4.296736699,      -2.252671153,      -1.752973737,      -2.469882124,       1.200409884
          0,           0,         110,      -4.284659018,      -2.242472652,      -1.770914121,      -2.449145449,       1.211216438
          0,           0,         111,      -4.273474353,      -2.232410627,      -1.791048761,       -2.43234381,       1.221460785
          0,           0,         112,      -4.263366437,      -2.222892135,      -1.813476089,      -2.418204315,       1.231022011
          0,           0,         113,      -4.254672291,      -2.213802582,      -1.838266031,       -2.40498377,       1.239549076
          0,           0,         114,      -4.247766755,        -2.2058659,      -1.865111466,      -2.390777579,       1.246654093
          0,           0,         115,      -4.242836507,      -2.198943364,      -1.893270166,      -2.373775975,       1.252084176
          0,           0,         116,      -4.240238403,      -2.194716225,      -1.921879147,      -2.353045374,        1.25546231
          0,           0,         117,      -4.240136562,      -2.191162627,      -1.949711588,      -2.327721998,       1.256529562
          0,           0,         118,      -4.242998581,      -2.191149174,      -1.975032261,      -2.298022028,       1.254733817
          0,           0,         119,      -4.248878588,      -2.193698939,      -1.994913013,      -2.264953311,       1.249908997
          0,           0,         120,      -4.258081637,      -2.197739522,      -2.006963799,      -2.229839775,       1.241662789
          0,           0,         121,      -4.270700522,      -2.204594356,      -2.008824442,       -2.19458394,       1.229626436
          0,           0,         122,      -4.286903979,      -2.213841337,      -2.000253268,      -2.160781801,       1.213517582
          0,           0,         123,      -4.306622364,      -2.224277276,      -1.983232016,      -2.129416222,        1.19306607
          0,           0,         124,      -4.329853456,      -2.238173305,      -1.960910507,      -2.101322863,       1.168169359
          0,           0,         125,      -4.356421024,       -2.25464322,      -1.936677638,      -2.077276541,       1.138727548
          0,           0,         126,      -4.385619617,      -2.272114734,      -1.913030533,      -2.057408268,       1.105233141
          0,           0,         127,      -4.416944777,      -2.292466948,       -1.89171766,      -2.041680841,       1.068179746
          0,           0,         128,       -4.44903521,      -2.315160856,      -1.873704832,      -2.030096554,       1.029254724
          0,           0,         129,      -4.479514162,      -2.331453979,      -1.859464102,      -2.022665169,      0.9914695556
          0,           0,         130,      -4.506742015,      -2.345208193,      -1.848905127,      -2.018979347,       0.957468078
          0,           0,         131,      -4.529061627,      -2.357147946,      -1.841714045,      -2.018945607,      0.9302130536
          0,           0,         132,      -4.544861793,      -2.367152847,      -1.837495164,      -2.022263449,      0.9123826031
          0,           0,         133,      -4.553332725,      -2.372530743,      -1.835894592,      -2.028766577,      0.9052255492
          0,           0,         134,      -4.554691167,      -2.374686551,      -1.836534089,      -2.038113851,      0.9077793938
          0,           0,         135,      -4.550353971,      -2.375536114,      -1.839109254,      -2.049927298,      0.9173663792
          0,           0,         136,      -4.541362536,      -2.375131254,      -1.843450443,      -2.063554608,      0.9317616557
          0,           0,         137,      -4.529360652,      -2.372662982,      -1.849346106,      -2.078547884,      0.9485711364
          0,           0,         138,      -4.515608286,      -2.366563889,      -1.856622259,      -2.094407036,      0.9662165634
          0,           0,         139,      -4.501269609,      -2.360285755,      -1.865142425,      -2.110345245,       0.983336011
          0,           0,         140,      -4.487340284,      -2.356723531,       -1.87485935,      -2.125342384,      0.9989386751
          0,           0,         141,       -4.47405531,      -2.353069379,      -1.885734355,       -2.13851295,       1.013039505
          0,           0,         142,      -4.460989676,      -2.344943727,      -1.897982066,      -2.149248694,       1.026281193
          0,           0,         143,      -4.448597966,      -2.337397622,      -1.911811257,      -2.157048508,       1.038283882
          0,           0,         144,      -4.437052032,      -2.334231765,      -1.927394196,      -2.161827597,       1.048882671
          0,           0,         145,      -4.425940279,      -2.329858578,      -1.944954158,      -2.163798571,       1.058728305
          0,           0,         146,      -4.414999218,      -2.322361244,      -1.964940996,      -2.163420125,       1.068178782
          0,           0,         147,      -4.404378695,      -2.315755135,      -1.987866242,      -2.161467842,       1.077289869
          0,           0,         148,      -4.393968322,      -2.310373021,      -2.014325137,      -2.158602418,       1.086116083
          0,           0,         149,      -4.383795126,       -2.30422021,      -2.044962028,      -2.155567153,       1.094734503
          0,           0,         150,      -4.374160739,      -2.297295171,      -2.080382548,      -2.152701434,       1.103003308
          0,           0,         151,      -4.365358591,      -2.290627539,      -2.121023134,      -2.150327029,       1.110662228
          0,           0,         152,       -4.35773507,       -2.28433209,      -2.166938933,      -2.148557217,       1.117433515
          0,           0,         153,      -4.351693441,      -2.279156971,       -2.21697937,      -2.147393174,       1.122933167
          0,           0,         154,      -4.347659269,      -2.275258159,      -2.267645007,      -2.146694595,       1.126749095
          0,           0,         155,      -4.345930818,      -2.273317617,      -2.311409589,      -2.146090372,       1.128575216
          0,           0,         156,      -4.346894152,      -2.273193956,      -2.337265318,      -2.145159967,       1.128012209
          0,           0,         157,      -4.350897204,      -2.276035141,      -2.335104831,      -2.143447172,       1.124711475
          0,           0,         158,       -4.35812152,      -2.281523492,      -2.305710169,      -2.140499112,       1.118434147
          0,           0,         159,      -4.368665622,      -2.290089881,      -2.259663683,      -2.136005344,       1.109025292
          0,           0,         160,      -4.382580827,      -2.301817625,      -2.208437967,       -2.12983807,       1.096391084
          0,           0,         161,      -4.399806347,      -2.316386752,      -2.159180837,      -2.122014118,       1.080538252
          0,           0,         162,      -4.420226278,      -2.333567526,      -2.115170723,      -2.112797454,       1.061525972
          0,           0,         163,      -4.443359222,      -2.352921204,      -2.077712127,      -2.102606756,       1.039769014
          0,           0,         164,      -4.468821947,       -2.37393993,      -2.046890194,       -2.09191312,       1.015614692
          0,           0,         165,      -4.496104456,      -2.395478211,      -2.022180452,      -2.081256427,      0.9895200841
          0,           0,         166,      -4.524343322,      -2.416343338,      -2.003079191,      -2.071114655,      0.9622515196
          0,           0,         167,      -4.552524839,      -2.436017097,      -1.988980712,       -2.06186895,      0.9348447043
          0,           0,         168,      -4.579413388,      -2.452969629,      -1.979274809,      -2.053886875,      0.9084605604
          0,           0,         169,      -4.603603649,      -2.465473408,      -1.973283866,      -2.047430824,      0.8843562996
          0,           0,         170,      -4.623819287,      -2.473501795,      -1.970424921,      -2.042743769,      0.8638285111
          0,           0,         171,      -4.639500117,      -2.478691747,      -1.969926041,      -2.040056475,      0.8476678525
          0,           0,         172,      -4.649916704,      -2.480266076,      -1.971019298,      -2.039538769,       0.836572929
          0,           0,         173,      -4.654531476,      -2.478020451,      -1.973339309,      -2.041358739,      0.8310263392
          0,           0,         174,      -4.653610104,      -2.473551026,      -1.976552994,        -2.0456189,      0.8310023154
          0,           0,         175,      -4.647849269,      -2.467816243,      -1.980230965,      -2.052459395,      0.8358690441
          0,           0,         176,      -4.638484594,      -2.461143993,      -1.984065594,      -2.061966634,      0.8444744744
          0,           0,         177,      -4.626488626,      -2.454364057,      -1.987679239,       -2.07423725,      0.8558524845
          0,           0,         178,      -4.612466816,      -2.447719812,       -1.99110005,      -2.089375609,      0.8693362609
          0,           0,         179,      -4.597105209,      -2.441003182,      -1.994506108,       -2.10751419,      0.8842249117
          0,           0,         180,      -4.580957777,      -2.434740019,      -1.997988307,      -2.128846072,      0.8999050136
          0,           0,         181,      -4.564535913,      -2.428182586,       -2.00170218,      -2.153553322,      0.9158913024
          0,           0,         182,       -4.54818867,      -2.421738904,      -2.005719594,      -2.181875075,       0.931805337
          0,           0,         183,      -4.532166239,      -2.415118743,      -2.010237952,      -2.214038333,      0.9474047234
          0,           0,         184,      -4.516532974,      -2.407515854,      -2.015585196,      -2.250422158,      0.9626124355
          0,           0,         185,      -4.501574172,      -2.398651599,       -2.02204624,      -2.291314509,      0.9772731694
          0,           0,         186,      -4.487523035,      -2.392409282,      -2.029842576,      -2.336902026,      0.9910343261
          0,           0,         187,      -4.474593857,      -2.386323821,      -2.039248542,      -2.386962048,       1.003762557
          0,           0,         188,      -4.462996701,      -2.381572711,       -2.05043412,      -2.440285573,       1.015265471
          0,           0,         189,       -4.45275402,      -2.375276388,      -2.063270698,      -2.493356543,        1.02559822
          0,           0,         190,      -4.444053658,      -2.368744887,      -2.078034571,       -2.53859734,       1.034572488
          0,           0,         191,      -4.437215913,      -2.363479769,      -2.094972153,      -2.563899236,       1.041846341
          0,           0,         192,      -4.432334106,      -2.359803154,      -2.113842087,        -2.5590391,       1.047336811
          0,           0,         193,      -4.429713603,      -2.357207889,      -2.135105791,      -2.524247139,        1.05072597
          0,           0,         194,      -4.429414698,      -2.355839676,      -2.157980263,      -2.470531352,       1.051970759
          0,           0,         195,      -4.431556635,        -2.3566813,       -2.18227038,      -2.410223221,       1.050923203
          0,           0,         196,      -4.436477416,       -2.35933889,      -2.207889847,      -2.350634454,       1.047187698
          0,           0,         197,      -4.444160108,      -2.364044607,      -2.233485305,      -2.295275231,       1.040780548
          0,           0,         198,      -4.454846601,      -2.370874253,      -2.258143539,      -2.245470903,       1.031369109
          0,           0,         199,      -4.468673627,      -2.379748837,      -2.280311231,       -2.20115409,        1.01877156
          0,           0,         200,      -4.485759523,      -2.390695976,      -2.298351995,      -2.162229972,       1.002758959
          0,           0,         201,        -4.5060762,      -2.403198138,      -2.310443264,      -2.128430264,      0.9832558311
          0,           0,         202,      -4.529607162,      -2.417041957,       -2.31584927,      -2.099389978,       0.960142463
          0,           0,         203,      -4.556176261,      -2.431595065,      -2.314887142,      -2.074695337,      0.9334487185
          0,           0,         204,      -4.585318251,      -2.446431803,      -2.309041252,      -2.054078576,      0.9035009093
          0,           0,         205,      -4.616388145,      -2.460535692,      -2.300182727,      -2.037190772,      0.8708364794
          0,           0,         206,      -4.648194847,       -2.47312313,      -2.290480882,      -2.023704863,      0.8366072464
          0,           0,         207,      -4.679159688,      -2.483974311,      -2.281486262,      -2.013269434,      0.8025325189
          0,           0,         208,      -4.706843869,       -2.49246523,      -2.274301481,      -2.005659548,      0.7716031934
          0,           0,         209,      -4.728855504,      -2.498218753,      -2.269739086,      -2.000665315,      0.7469666325
          0,           0,         210,       -4.74319258,      -2.501558193,      -2.268049616,      -1.998080035,      0.7313762574
          0,           0,         211,      -4.748861721,      -2.502819072,      -2.269035714,      -1.997683005,      0.7262487848
          0,           0,         212,      -4.746422254,      -2.503058995,      -2.272162963,      -1.999350861,      0.7308616022
          0,           0,         213,      -4.737223894,      -2.501402245,      -2.276504287,      -2.002881431,      0.7432793648
          0,           0,         214,      -4.723424297,      -2.499753655,      -2.281469144,      -2.008148397,      0.7604836649
          0,           0,         215,      -4.706832881,        -2.4973321,      -2.286405904,      -2.015111821,       0.780133289
          0,           0,         216,      -4.689047853,      -2.495382404,      -2.290692351,      -2.023717789,      0.8003060045
          0,           0,         217,      -4.671052751,      -2.492761397,      -2.293828806,      -2.033914514,      0.8199994047
          0,           0,         218,      -4.653725805,      -2.491007462,      -2.295715597,      -2.045634257,      0.8383582954
          0,           0,         219,      -4.637247856,      -2.488774571,      -2.296599918,      -2.058861674,      0.8552955554
          0,           0,         220,      -4.621794661,      -2.487180426,      -2.296829982,      -2.073615116,      0.8707106512
          0,           0,         221,      -4.607353338,      -2.485502191,      -2.296967935,      -2.089914263,      0.8847364612
          0,           0,         222,       -4.59388753,      -2.483047016,      -2.297715192,      -2.107818133,      0.8974946148
          0,           0,         223,      -4.581419532,      -2.481116624,      -2.299756615,      -2.127273487,      0.9090373787
          0,           0,         224,      -4.569871406,      -2.478050812,      -2.303756459,      -2.148225441,      0.9195496598
          0,           0,         225,      -4.559328377,      -2.475113852,      -2.310177107,      -2.170687533,      0.9289588719
          0,           0,         226,      -4.549859304,      -2.471449353,      -2.319473522,      -2.194402972,      0.9372427715
          0,           0,         227,      -4.541581544,      -2.468173483,      -2.332056371,       -2.21908331,      0.9442948024
          0,           0,         228,      -4.534596196,      -2.464181445,      -2.348243449,      -2.244142454,      0.9500368681
          0,           0,         229,      -4.529115745,      -2.460952651,      -2.368449175,      -2.268292978,      0.9542286395
          0,           0,         230,      -4.525225936,      -2.455842123,      -2.392780031,      -2.289949627,      0.9567534859
          0,           0,         231,      -4.523390313,      -2.452286705,      -2.421274264,      -2.306895147,      0.9573481086
          0,           0,         232,      -4.523836995,      -2.450217744,      -2.453817028,      -2.316852775,      0.9557630153
          0,           0,         233,      -4.526532069,      -2.449840184,      -2.489984123,      -2.318149995,      0.9517099449
          0,           0,         234,      -4.532033519,      -2.456345219,      -2.528181199,      -2.310072869,      0.9447006045
          0,           0,         235,      -4.540059861,      -2.461572689,      -2.566046732,       -2.29392215,      0.9351576243
          0,           0,         236,      -4.550507925,      -2.463101232,      -2.599819892,      -2.271880694,      0.9232363864
          0,           0,         237,      -4.563791944,      -2.467916887,      -2.625342297,      -2.246589184,      0.9083695343
          0,           0,         238,      -4.580218707,       -2.47982547,      -2.638159649,      -2.220328268,      0.8901334919
          0,           0,         239,      -4.599209829,      -2.491909241,      -2.637208048,      -2.194860582,      0.8693051648
          0,           0,         240,      -4.620436526,      -2.502400965,      -2.624555847,      -2.171275073,      0.8462371299
          0,           0,         241,      -4.643595195,      -2.514310007,      -2.605304338,      -2.150237973,      0.8211767623
          0,           0,         242,      -4.668318817,       -2.52653866,      -2.583629145,      -2.132069133,      0.7945344143
          0,           0,         243,      -4.693741467,      -2.540165689,      -2.563300798,      -2.116845372,      0.7671853399
          0,           0,         244,       -4.71894159,      -2.554880918,      -2.546446466,      -2.104496236,       0.740094333
          0,           0,         245,      -4.742481533,      -2.568215508,      -2.534675274,      -2.094924548,      0.7148608386
          0,           0,         246,      -4.763012231,      -2.579822553,      -2.528278365,      -2.087966415,      0.6929053425
          0,           0,         247,      -4.779078677,      -2.590557973,      -2.527929234,      -2.083476754,      0.6757128765
          0,           0,         248,      -4.789829939,       -2.60125221,        -2.5332627,      -2.081289463,      0.6642033583
          0,           0,         249,      -4.794552261,      -2.609627813,      -2.544021665,      -2.081289268,      0.6590549788
          0,           0,         250,      -4.793902167,      -2.618211206,      -2.559039155,      -2.083371886,       0.659545558
          0,           0,         251,      -4.788096386,      -2.622806726,      -2.577172591,      -2.087494454,      0.6653327209
          0,           0,         252,       -4.77836915,       -2.62497136,      -2.596610797,      -2.093601937,      0.6748564084
          0,           0,         253,      -4.766265034,      -2.626363548,      -2.615361238,      -2.101663886,      0.6869073624
          0,           0,         254,      -4.752814968,       -2.62715342,      -2.630737742,      -2.111712161,      0.7003688203
          0,           0,         255,      -4.738637179,      -2.626214225,      -2.639936496,      -2.123807547,      0.7145865681
          0,           0,         256,      -4.724211526,      -2.621965353,      -2.641691555,      -2.138015303,      0.7291688561
          0,           0,         257,      -4.709861413,      -2.616728114,      -2.635651723,      -2.154465655,      0.7434868013
          0,           0,         258,      -4.695917281,      -2.611312916,      -2.623640371,       -2.17325024,      0.7573269481
          0,           0,         259,      -4.682638802,      -2.604105752,      -2.607528504,      -2.194506993,      0.7708702148
          0,           0,         260,      -4.669783348,       -2.59437302,      -2.589517373,      -2.218345373,      0.7841373912
          0,           0,         261,      -4.657860583,      -2.587230112,       -2.57138942,      -2.244857571,      0.7964670233
          0,           0,         262,      -4.647160528,      -2.589337036,      -2.554303014,      -2.274103233,      0.8075252804
          0,           0,         263,      -4.637225494,      -2.584871399,      -2.538911663,      -2.305984782,      0.8181840695
          0,           0,         264,      -4.627981624,      -2.572266903,      -2.525458798,      -2.340192702,      0.8285048456
          0,           0,         265,      -4.620054746,      -2.563378333,      -2.514026257,      -2.375801074,      0.8375256567
          0,           0,         266,       -4.61389005,       -2.56349365,      -2.504514584,      -2.411468554,       0.844662658
          0,           0,         267,      -4.609247209,      -2.560819104,      -2.496783628,      -2.444621023,      0.8506048024
          0,           0,         268,      -4.606033603,      -2.555491956,      -2.490316963,      -2.471721419,      0.8552033442
          0,           0,         269,      -4.604531982,      -2.548870678,      -2.484980884,       -2.48860978,      0.8581820282
          0,           0,         270,      -4.605191138,      -2.549095532,      -2.480538257,      -2.492091768,      0.8588772549
          0,           0,         271,      -4.607942978,      -2.550828103,      -2.476776775,      -2.481455039,      0.8574766094
          0,           0,         272,      -4.612837905,      -2.555186291,      -2.473709148,      -2.459110858,      0.8538671812
          0,           0,         273,      -4.619887859,      -2.559401259,      -2.471132045,      -2.428808126,      0.8480668397
          0,           0,         274,      -4.629153993,       -2.56539555,      -2.469107246,      -2.394772517,      0.8399432443
          0,           0,         275,      -4.640659245,      -2.572412035,      -2.467828448,      -2.360221015,      0.8294449716
          0,           0,         276,      -4.654130895,      -2.576571496,      -2.467444357,      -2.326996017,      0.8168726583
          0,           0,         277,        -4.6697501,      -2.584144336,      -2.467932593,      -2.296370583,      0.8018775403
          0,           0,         278,      -4.687237768,      -2.594870627,      -2.469617298,      -2.268963326,      0.7846975161
          0,           0,         279,       -4.70617137,      -2.604953276,      -2.472645917,      -2.244897269,      0.7658459286
          0,           0,         280,      -4.726374025,      -2.616942053,      -2.477215703,      -2.224156654,      0.7453998524
          0,           0,         281,      -4.746951546,      -2.627450542,      -2.483376137,      -2.206679263,      0.7243370995
          0,           0,         282,      -4.767194497,      -2.636796669,       -2.49130612,      -2.192273311,      0.7034304096
          0,           0,         283,      -4.786322947,      -2.646799395,      -2.501086425,      -2.180720895,      0.6834716123
          0,           0,         284,      -4.803548437,      -2.656184648,      -2.512773552,      -2.171807737,      0.6654043552
          0,           0,         285,      -4.817834741,      -2.663629381,      -2.526299165,      -2.165296872,      0.6504744363
          0,           0,         286,      -4.828319827,      -2.669846095,      -2.541690334,      -2.160926664,      0.6397137273
          0,           0,         287,      -4.834578344,      -2.674070938,      -2.558724205,       -2.15848281,      0.6336577244
          0,           0,         288,      -4.836845369,      -2.677429349,      -2.577067732,       -2.15775295,      0.6320648825
          0,           0,         289,      -4.835259169,      -2.678651133,      -2.596285034,      -2.158543025,       0.634782571
          0,           0,         290,      -4.830416668,      -2.679430812,      -2.615442901,      -2.160731882,      0.6410596679
          0,           0,         291,      -4.822846006,      -2.678223076,      -2.633374108,      -2.164206672,      0.6502501999
          0,           0,         292,       -4.81364665,      -2.677331788,       -2.64883984,      -2.168878368,      0.6610536029
          0,           0,         293,        -4.8033135,      -2.674932042,      -2.660637375,      -2.174708067,      0.6729148549
          0,           0,         294,      -4.792621831,      -2.672934169,      -2.667670381,      -2.181707695,      0.6849544266
          0,           0,         295,      -4.781702101,      -2.669348495,      -2.668876147,      -2.189860851,      0.6970520882
          0,           0,         296,      -4.771152137,      -2.666729902,      -2.664455985,      -2.199225384,      0.7085514276
          0,           0,         297,      -4.761013133,      -2.663423337,      -2.655300782,       -2.20986143,      0.7194426147
          0,           0,         298,       -4.75144891,      -2.660192945,      -2.642551614,      -2.221855749,      0.7295369241
          0,           0,         299,      -4.742500645,      -2.656448346,      -2.627603213,      -2.235311692,       0.738858456
          0,           0,         300,      -4.734314821,      -2.652807834,      -2.611701264,      -2.250319212,      0.7472597316
          0,           0,         301,      -4.726922206,      -2.649566733,      -2.596024935,      -2.266924257,      0.7547385872
          0,           0,         302,      -4.720413882,      -2.645258181,      -2.581185799,      -2.285177531,      0.7612322371
          0,           0,         303,      -4.714886428,      -2.640931118,      -2.567369119,      -2.305054224,       0.766664207
          0,           0,         304,      -4.710486657,      -2.636863942,      -2.554860792,      -2.326374774,      0.7708720082
          0,           0,         305,      -4.707337799,      -2.633113405,      -2.543830812,      -2.348876009,      0.7737554616
          0,           0,         306,      -4.705595703,      -2.629450694,      -2.534146972,      -2.372152567,      0.7751408263
          0,           0,         307,       -4.70533102,      -2.626378453,      -2.525474543,      -2.395492293,      0.7749610686
          0,           0,         308,      -4.706643769,      -2.623865993,       -2.51761791,      -2.417658211,      0.7730956045
          0,           0,         309,      -4.709629579,      -2.622267181,      -2.510439994,      -2.437478336,      0.7694422937
          0,           0,         310,      -4.714430422,       -2.62163789,      -2.503735474,      -2.453535666,      0.7638258461
          0,           0,         311,      -4.720985592,      -2.622234805,       -2.49728555,      -2.464394673,      0.7563018254
          0,           0,         312,       -4.72939694,       -2.62381047,      -2.490985556,      -2.469379738,      0.7467446909
          0,           0,         313,      -4.739557874,      -2.626722506,      -2.484967617,      -2.468427682,      0.7352498572
          0,           0,         314,       -4.75135485,      -2.630836622,      -2.479094948,      -2.462126352,      0.7219019942
          0,           0,         315,      -4.764634715,      -2.636205751,      -2.473457438,      -2.451734662,      0.7068729755
          0,           0,         316,      -4.779126314,      -2.642583236,      -2.468116376,      -2.438650698,      0.6904347641
          0,           0,         317,      -4.794545551,       -2.65002972,      -2.463429605,      -2.424274558,      0.6728959402
          0,           0,         318,      -4.810504848,      -2.658148011,      -2.459372254,      -2.409734246,      0.6546749209
          0,           0,         319,      -4.826580579,      -2.667208147,      -2.456242909,      -2.395885718,      0.6363072007
          0,           0,         320,      -4.842156158,      -2.676614768,       -2.45419467,      -2.383213872,      0.6184497229
          0,           0,         321,      -4.856616898,      -2.686454545,      -2.453615854,      -2.372089259,      0.6018336288
          0,           0,         322,      -4.869612917,      -2.696186188,      -2.454592391,      -2.362672952,      0.5869376496
          0,           0,         323,        -4.8803488,      -2.705538655,      -2.457333779,      -2.355025206,      0.5746627518
          0,           0,         324,      -4.888361914,      -2.714276943,      -2.461859333,      -2.349174575,      0.5654990439
          0,           0,         325,      -4.893503258,      -2.722165895,      -2.468198504,      -2.345060852,      0.5596752335
          0,           0,         326,      -4.895608498,      -2.728974043,      -2.476770146,      -2.342665245,      0.5572827343
          0,           0,         327,      -4.894597544,       -2.73319591,      -2.487434844,      -2.341856252,      0.5581071263
          0,           0,         328,      -4.891094624,      -2.738213199,      -2.500216895,      -2.342596951,      0.5614604889
          0,           0,         329,      -4.885830139,       -2.74353936,      -2.515073861,      -2.344880399,      0.5671197542
          0,           0,         330,      -4.877715297,      -2.730785591,      -2.532132078,      -2.348634319,      0.5758727406
          0,           0,         331,      -4.866863235,      -2.684505571,      -2.551253889,      -2.353810395,      0.5884863775
          0,           0,         332,      -4.854173874,      -2.635430256,      -2.571970623,         -2.360457,      0.6029778034
          0,           0,         333,      -4.839937863,      -2.568008715,      -2.594323829,      -2.368559943,      0.6205007332
          0,           0,         334,      -4.830261767,      -2.568459915,      -2.617596677,      -2.378143932,      0.6300020105
          0,           0,         335,      -4.820811194,      -2.555300731,      -2.641336396,      -2.389198453,      0.6397012377
          0,           0,         336,       -4.81264462,       -2.56065926,      -2.664409269,      -2.401947488,      0.6470511362
          0,           0,         337,       -4.80455388,      -2.552227258,      -2.685860106,       -2.41625408,       0.655084162
          0,           0,         338,      -4.797117616,      -2.552197524,      -2.704480226,      -2.432118675,      0.6620305045
          0,           0,         339,      -4.790104791,      -2.540404835,      -2.718831302,      -2.449685961,      0.6692605391
          0,           0,         340,      -4.784235374,      -2.538524069,      -2.727171615,      -2.468565613,      0.6747750541
          0,           0,         341,      -4.778986251,      -2.526409856,      -2.729105397,      -2.488709611,      0.6804082033
          0,           0,         342,      -4.774893918,      -2.523532646,      -2.724143766,        -2.5098265,      0.6843563762
          0,           0,         343,      -4.771706789,      -2.512815473,      -2.713001937,      -2.531310473,      0.6880748687
          0,           0,         344,      -4.769955486,      -2.510863119,       -2.69647257,      -2.552610962,      0.6898359849
          0,           0,         345,      -4.769089651,       -2.50166658,      -2.676143116,      -2.573028671,      0.6914315761
          0,           0,         346,      -4.769735092,      -2.501434677,      -2.653293083,      -2.591491528,      0.6908880408
          0,           0,         347,      -4.771565817,      -2.495679655,      -2.629222389,      -2.607196039,      0.6898037035
          0,           0,         348,      -4.774596456,       -2.49481252,      -2.604608884,      -2.618935029,      0.6871096426
          0,           0,         349,       -4.77871696,      -2.489352506,      -2.581023969,      -2.626016131,      0.6839078227
          0,           0,         350,      -4.784173542,      -2.489119012,      -2.558432973,      -2.627975298,       0.678885944
          0,           0,         351,       -4.79081257,      -2.485978217,       -2.53702221,      -2.625447367,      0.6731524453
          0,           0,         352,      -4.798341577,       -2.48633264,      -2.517235891,      -2.619376334,       0.666134907
          0,           0,         353,      -4.807146317,      -2.485926079,      -2.499354764,      -2.610312598,       0.658205112
          0,           0,         354,      -4.816164378,       -2.48525305,      -2.483318813,      -2.599124393,      0.6497328119
          0,           0,         355,      -4.826648665,      -2.488725525,       -2.46929905,       -2.58683275,      0.6398299417
          0,           0,         356,      -4.836632572,      -2.487239239,      -2.457292981,      -2.574513692,      0.6307078707
          0,           0,         357,      -4.847619979,       -2.49309685,      -2.447156872,      -2.562552273,      0.6199304531
          0,           0,         358,      -4.857075762,      -2.488816937,      -2.438883498,      -2.551139952,      0.6114094418
          0,           0,         359,      -4.868430084,      -2.500827401,      -2.432452865,      -2.540836371,      0.5999967286
          0,           0,         360,      -4.875707593,      -2.491482582,      -2.427886256,      -2.531713145,      0.5937710483
          0,           0,         361,      -4.885474078,      -2.505024193,      -2.425146551,      -2.523771636,      0.5840071631
          0,           0,         362,      -4.890101907,       -2.49333947,      -2.424128445,      -2.517066537,      0.5805977714
          0,           0,         363,      -4.897099817,      -2.505947863,      -2.424666061,       -2.51172223,       0.573712366
          0,           0,         364,      -4.898355853,      -2.491973764,      -2.426823612,      -2.507504155,      0.5740373568
          0,           0,         365,      -4.902508659,       -2.50572567,      -2.430498708,      -2.504214618,      0.5700376237
          0,           0,         366,      -4.900561142,      -2.491457525,      -2.435681873,      -2.501779239,       0.573569327
          0,           0,         367,      -4.901317992,      -2.501557346,      -2.442273855,      -2.500155603,      0.5733902045
          0,           0,         368,      -4.896117731,      -2.484235477,      -2.450070754,       -2.49928781,      0.5805576965
          0,           0,         369,      -4.895705217,      -2.500618194,      -2.459180749,      -2.499060534,      0.5810085725
          0,           0,         370,      -4.889389397,      -2.486008429,      -2.469423633,      -2.499337148,       0.588754148
          0,           0,         371,      -4.884972317,      -2.486967358,      -2.480573668,      -2.500263308,      0.5941870527
          0,           0,         372,      -4.875772382,      -2.461882207,      -2.492634729,      -2.501942956,      0.6062265805
          0,           0,         373,      -4.878028065,      -2.506308599,      -2.505253198,      -2.504260635,       0.602114344
          0,           0,         374,      -4.872832963,      -2.500767217,      -2.518186973,      -2.507344541,       0.607272629
          0,           0,         375,      -4.862737083,      -2.469680708,      -2.531209973,       -2.51115215,      0.6200341606
          0,           0,         376,      -4.854790037,      -2.447628601,       -2.54416921,      -2.515726735,      0.6312391562
          0,           0,         377,      -4.846822282,      -2.433778364,      -2.556444537,      -2.521152764,      0.6367507381
          0,           0,         378,      -4.844953223,      -2.441901809,      -2.567874613,      -2.527456212,      0.6393354941
          0,           0,         379,      -4.857479656,      -2.533034832,      -2.577789812,      -2.534701265,      0.6260634896
          0,           0,         380,      -4.852838858,      -2.508506873,      -2.585899546,      -2.542924029,       0.631011753
          0,           0,         381,      -4.843512236,      -2.459029118,      -2.591879618,      -2.552061595,      0.6427601036
          0,           0,         382,      -4.840276445,      -2.445078511,      -2.595546049,      -2.562097056,      0.6478591311
          0,           0,         383,      -4.823227785,      -2.379896978,      -2.596333982,      -2.572957122,      0.6555199145
          0,           0,         384,      -4.830865247,      -2.413986467,      -2.594892141,      -2.584731482,      0.6463112038
          0,           0,         385,      -4.841774844,      -2.439415205,      -2.591004381,      -2.597490036,      0.6439361923
          0,           0,         386,      -4.839305658,      -2.401814487,      -2.584821005,      -2.610912075,      0.6532474278
          0,           0,         387,      -4.855851171,      -2.492152207,      -2.576908346,      -2.625167362,      0.6277003471
          0,           0,         388,      -4.877153146,      -2.623765444,       -2.56775083,      -2.639992387,      0.5998802158
          0,           0,         389,      -4.888096239,      -2.666493668,      -2.557489206,      -2.654846379,       0.586016616
          0,           0,         390,      -4.886139255,      -2.563981962,      -2.546908317,       -2.66949313,      0.5910926205
          0,           0,         391,      -4.866656245,      -2.427062244,      -2.535966867,      -2.683564938,      0.6096519233
          0,           0,         392,      -4.871954611,      -2.413526703,      -2.525296359,      -2.697434786,      0.6131930351
          0,           0,         393,      -4.870084966,       -2.35576892,      -2.515041144,      -2.710684028,      0.6307573612
          0,           0,         394,       -4.87058846,      -2.348383473,      -2.505473443,       -2.72276804,      0.6283900043
          0,           0,         395,         -4.891993,      -2.414008073,      -2.496846065,      -2.735242344,      0.5959311195
          0,           0,         396,      -4.905723159,      -2.431573251,      -2.489356796,      -2.747183403,      0.5812472491
          0,           0,         397,      -4.884289921,      -2.348050573,      -2.482917128,      -2.757261169,      0.5964847288
          0,           0,         398,       -4.89377055,       -2.37142427,      -2.477674971,      -2.765845955,      0.5820973421
          0,           0,         399,      -4.919385022,      -2.418518005,       -2.47382391,      -2.772801798,      0.5650213898
          0,           0,         400,      -4.917136396,      -2.385324592,      -2.471342979,       -2.77844025,      0.5763737872
          0,           0,         401,      -4.931701838,      -2.433364453,      -2.470072216,      -2.783251625,      0.5524998754
          0,           0,         402,      -4.941389238,      -2.449722923,      -2.470348627,      -2.786758548,      0.5411784475
          0,           0,         403,      -4.936661392,       -2.42667637,      -2.471858296,      -2.788392656,      0.5478254138
          0,           0,         404,       -4.93493946,      -2.422029046,      -2.475007132,      -2.789010878,      0.5497563318
          0,           0,         405,      -4.930525294,      -2.416145557,      -2.479503899,      -2.788122555,       0.545949792
          0,           0,         406,      -4.933012904,      -2.426404849,      -2.485310254,      -2.786315397,      0.5446258598
          0,           0,         407,      -4.944303889,      -2.467942459,      -2.492348708,      -2.783466725,       0.534551421
          0,           0,         408,      -4.942762041,      -2.469577506,      -2.500912978,      -2.780044663,      0.5338706576
          0,           0,         409,      -4.931423883,      -2.441092729,      -2.510695428,      -2.775630947,      0.5472431626
          0,           0,         410,      -4.922413751,      -2.422663309,      -2.521664767,      -2.771676255,      0.5589119588
          0,           0,         411,      -4.919538326,      -2.436361883,      -2.533798689,      -2.767366481,      0.5522583959
          0,           0,         412,      -4.922497729,      -2.457229353,      -2.546956854,      -2.763595572,      0.5486134851
          0,           0,         413,      -4.919209262,      -2.453862328,       -2.56071283,      -2.759990398,      0.5570514956
          0,           0,         414,      -4.910665181,      -2.437714028,      -2.575181849,      -2.757446277,      0.5663522568
          0,           0,         415,       -4.91446865,      -2.473789507,      -2.589727674,      -2.755404615,      0.5568777125
          0,           0,         416,      -4.913625524,      -2.478452256,      -2.604288563,      -2.754726224,      0.5572829167
          0,           0,         417,      -4.902646979,      -2.443817112,      -2.618539992,       -2.75469843,      0.5712663549
          0,           0,         418,      -4.897784979,      -2.435946748,      -2.631706737,      -2.755575078,      0.5773551611
          0,           0,         419,      -4.896426994,       -2.44678605,      -2.643085962,      -2.757030681,      0.5700484318
          0,           0,         420,      -4.898916307,      -2.457977654,      -2.652734213,      -2.759998957,      0.5681985584
          0,           0,         421,      -4.899291668,      -2.453969395,      -2.659635826,      -2.763727437,       0.574040612
          0,           0,         422,      -4.895328889,      -2.439011311,       -2.66350118,      -2.767672289,      0.5792227481
          0,           0,         423,      -4.907720213,      -2.498584184,      -2.664318532,      -2.771983849,      0.5602422334
          0,           0,         424,      -4.910622394,      -2.494806361,      -2.662330547,      -2.777220103,      0.5583649425
          0,           0,         425,      -4.902049219,      -2.446157109,      -2.657231957,      -2.782702667,      0.5716304079
          0,           0,         426,      -4.903978029,      -2.447178636,      -2.650117264,      -2.788728438,      0.5701711746
          0,           0,         427,      -4.895682861,      -2.413458089,      -2.640785139,      -2.794958796,      0.5689091246
          0,           0,         428,      -4.907596771,      -2.442586285,      -2.630155193,      -2.801234253,       0.559347469
          0,           0,         429,      -4.926247396,      -2.492269429,      -2.618806612,      -2.806686789,      0.5452531633
          0,           0,         430,      -4.927951096,      -2.474426442,      -2.606991713,      -2.812319304,      0.5458777695
          0,           0,         431,      -4.928930626,      -2.458464264,      -2.594915265,        -2.8178178,      0.5463036474
          0,           0,         432,       -4.93620804,      -2.467491964,      -2.583468137,      -2.823464619,      0.5388105251
          0,           0,         433,      -4.943273352,      -2.480544111,      -2.572413756,      -2.828749519,      0.5256707567
          0,           0,         434,       -4.94799773,      -2.472889726,      -2.562119514,      -2.834067562,      0.5254256997
          0,           0,         435,      -4.952955063,      -2.465832516,      -2.552847942,      -2.838910135,      0.5264571325
          0,           0,         436,      -4.960274545,      -2.476942998,      -2.544622906,      -2.844361703,      0.5172973177
          0,           0,         437,      -4.972618171,      -2.506952033,      -2.537273974,      -2.849874243,      0.5006709345
          0,           0,         438,      -4.976758832,      -2.501228771,      -2.531205308,      -2.854940431,       0.499153105
          0,           0,         439,      -4.976870249,      -2.483977987,      -2.526224719,      -2.859673578,       0.504269078
          0,           0,         440,      -4.980731936,      -2.489942841,      -2.522381839,      -2.864497313,      0.4995713088
          0,           0,         441,      -4.984459077,      -2.499379142,      -2.519778873,      -2.869152901,      0.4895372104
          0,           0,         442,      -4.987629421,      -2.501568042,      -2.518283623,      -2.872910085,      0.4890591705
          0,           0,         443,       -4.99281077,      -2.506671903,      -2.517851869,      -2.876080434,      0.4905614869
          0,           0,         444,      -4.991190434,      -2.501204761,      -2.518594485,      -2.879510208,      0.4918334619
          0,           0,         445,      -5.004707843,      -2.568840067,      -2.520377315,      -2.882487631,      0.4697429645
          0,           0,         446,      -5.025995245,      -2.690765638,       -2.52313252,      -2.884222684,      0.4399325682
          0,           0,         447,      -5.031961749,      -2.718595343,      -2.526993927,        -2.8850068,      0.4366112558
          0,           0,         448,        -5.0361901,      -2.768286131,      -2.531699761,      -2.885241066,       0.430083329
          0,           0,         449,      -5.044669484,      -2.880945712,      -2.537240648,      -2.884404641,      0.4179295604
          0,           0,         450,      -5.042712723,      -2.888380263,      -2.543907841,      -2.882439086,      0.4206248608
          0,           0,         451,      -5.034089651,      -2.819644713,      -2.551186944,      -2.879889351,      0.4306125894
          0,           0,         452,      -5.012111888,      -2.641884359,      -2.559158244,       -2.87652033,      0.4602700179
          0,           0,         453,      -4.977202875,      -2.496813202,      -2.567772344,      -2.872844448,       0.511171405
          0,           0,         454,      -4.966874554,       -2.46708888,      -2.576836688,      -2.868670518,      0.5276829528
          0,           0,         455,      -4.964258436,      -2.475315245,      -2.586057063,      -2.864122392,      0.5249814243
          0,           0,         456,      -4.968782929,      -2.493806344,      -2.595816491,      -2.859389109,      0.5194800603
          0,           0,         457,      -4.969269515,      -2.504161652,      -2.605491684,      -2.854024864,      0.5163550176
          0,           0,         458,      -4.972117629,      -2.516852603,      -2.614981178,       -2.84873671,      0.5137204134
          0,           0,         459,      -4.972904752,      -2.523689841,      -2.624466603,      -2.843854888,      0.5116924912
          0,           0,         460,      -4.975072586,       -2.53589041,      -2.633287746,      -2.839040862,      0.5080220249
          0,           0,         461,      -4.979152331,      -2.547963396,      -2.641247615,      -2.834863076,       0.502958451
          0,           0,         462,      -4.981391379,      -2.553648846,      -2.648447058,      -2.830489885,      0.5006139677
          0,           0,         463,      -4.982851493,      -2.553868403,      -2.654420598,      -2.825758923,      0.4991025417
          0,           0,         464,       -4.98532631,      -2.557766619,      -2.658940753,      -2.822040078,      0.4964604492
          0,           0,         465,      -4.989225479,      -2.564488619,      -2.662314212,      -2.819114977,      0.4917463263
          0,           0,         466,      -4.993892454,      -2.572948677,      -2.664418202,      -2.817281795,      0.4866003827
          0,           0,         467,      -5.000365472,      -2.588459585,      -2.665139325,      -2.815447811,      0.4781801546
          0,           0,         468,      -5.006557689,      -2.597755749,      -2.664834893,      -2.814223514,      0.4718516117
          0,           0,         469,       -5.00976494,      -2.597878076,      -2.663192538,      -2.813615725,      0.4680282405
          0,           0,         470,       -5.01481699,      -2.598165131,      -2.660782015,      -2.813412523,       0.464329129
          0,           0,         471,      -5.025173249,      -2.631765658,      -2.657714918,      -2.813677301,      0.4494047461
          0,           0,         472,      -5.034937609,      -2.651396469,      -2.654128455,      -2.815159637,      0.4388604257
          0,           0,         473,      -5.043175438,      -2.678204004,      -2.650285106,      -2.817425538,      0.4270476884
          0,           0,         474,      -5.060283305,      -2.758241453,      -2.646344909,      -2.820271529,      0.4043444769
          0,           0,         475,      -5.067394592,      -2.767845196,      -2.642316096,      -2.823654633,      0.3982811714
          0,           0,         476,      -5.076616257,      -2.802115156,      -2.638675447,      -2.827417068,      0.3881790177
          0,           0,         477,      -5.088056743,      -2.863880384,      -2.635238836,      -2.831630069,      0.3726932522
          0,           0,         478,      -5.095007313,      -2.887118382,      -2.632598422,      -2.836894559,      0.3638922388
          0,           0,         479,      -5.101889563,      -2.922896641,      -2.630372998,       -2.84250079,      0.3550731987
          0,           0,         480,      -5.109446217,      -2.971445841,      -2.629016041,      -2.848297563,      0.3453284904
          0,           0,         481,      -5.112869128,       -2.97849112,        -2.6283934,      -2.854202754,      0.3411736071
          0,           0,         482,      -5.115245032,      -2.979445795,      -2.628507131,      -2.860123393,      0.3384743036
          0,           0,         483,      -5.117049584,      -2.984895293,       -2.62950068,      -2.865949479,      0.3361879522
          0,           0,         484,       -5.11809061,      -2.987664444,      -2.631284794,       -2.87148713,      0.3348762515
          0,           0,         485,      -5.118498431,      -2.989904055,      -2.633854023,      -2.876579629,        0.33432159
          0,           0,         486,      -5.118192694,      -2.990707788,      -2.637529062,      -2.881060514,      0.3346259274
          0,           0,         487,      -5.117323694,      -2.990451261,       -2.64213898,      -2.884737929,      0.3356100459
          0,           0,         488,      -5.116080891,       -2.99029431,       -2.64775751,      -2.887495145,      0.3370423656
          0,           0,         489,      -5.114376331,      -2.989497385,      -2.654187134,      -2.889224647,      0.3389799452
          0,           0,         490,      -5.112386866,      -2.988869856,      -2.661449757,      -2.889874618,      0.3412447338
          0,           0,         491,      -5.110151136,      -2.987388053,      -2.669587865,       -2.88936122,      0.3437974316
          0,           0,         492,       -5.10795133,      -2.986324241,      -2.678530482,      -2.887650121,      0.3463120801
          0,           0,         493,      -5.105927863,      -2.985328223,      -2.688189831,       -2.88481358,      0.3486329155
          0,           0,         494,       -5.10392365,      -2.983785579,      -2.698467967,       -2.88093409,      0.3509453055
          0,           0,         495,      -5.102057586,      -2.981540793,      -2.709107007,      -2.876119824,      0.3531061562
          0,           0,         496,      -5.099893388,       -2.97461989,      -2.720318898,      -2.870498273,      0.3551376498
          0,           0,         497,      -5.095355076,      -2.917844351,      -2.731843353,      -2.864196798,      0.3628035115
          0,           0,         498,      -5.091299013,      -2.879550625,       -2.74340668,      -2.857318691,      0.3691750904
          0,           0,         499,      -5.097433363,      -2.964394799,      -2.754717294,       -2.85006179,      0.3594493005
          0,           0,         500,      -5.098194587,      -2.969840234,      -2.766228431,      -2.842699728,      0.3581117244
          0,           0,         501,      -5.099481198,      -2.973457912,      -2.776922975,       -2.83511968,      0.3567163036
          0,           0,         502,      -5.101024982,      -2.974348179,      -2.787147885,      -2.827585987,      0.3551215018
          0,           0,         503,      -5.102977562,      -2.974654356,      -2.796265009,      -2.820195684,      0.3531068429
          0,           0,         504,      -5.105547973,       -2.97611601,      -2.804359361,      -2.813033001,      0.3504155744
          0,           0,         505,      -5.108677982,      -2.978042364,      -2.811258658,      -2.806186106,      0.3471238315
          0,           0,         506,      -5.112084173,      -2.979873968,       -2.81662652,      -2.799734296,      0.3435251389
          0,           0,         507,      -5.115753876,      -2.980504323,      -2.820594134,      -2.793742569,      0.3396746636
          0,           0,         508,      -5.115115646,      -2.921673598,       -2.82376337,      -2.788240361,      0.3427914128
          0,           0,         509,      -5.114818646,      -2.886154833,      -2.825362013,      -2.783315617,      0.3436427828
          0,           0,         510,      -5.124778373,      -2.951520475,      -2.825999317,      -2.779050787,       0.331121589
          0,           0,         511,      -5.132971581,      -2.991538143,      -2.825222919,      -2.775447306,      0.3212952322
          0,           0,         512,        -5.1380538,      -3.000058452,      -2.823844057,       -2.77250275,      0.3157785022
          0,           0,         513,      -5.139409678,      -2.963013499,      -2.821256236,      -2.770275952,      0.3158498665
          0,           0,         514,      -5.144722574,      -2.983514593,      -2.817945596,      -2.768746707,       0.308972801
          0,           0,         515,      -5.151529503,      -3.015070812,      -2.814603888,      -2.768007616,      0.3012143095
          0,           0,         516,      -5.155658007,      -3.019270875,      -2.811039278,      -2.768060541,       0.296708802
          0,           0,         517,      -5.159377094,      -3.024848237,      -2.807391158,      -2.768908713,      0.2925663586
          0,           0,         518,      -5.160610178,      -2.999891658,      -2.804035839,      -2.770573862,      0.2920293302
          0,           0,         519,       -5.16169016,      -2.987558636,      -2.800731816,      -2.773020844,      0.2907457067
          0,           0,         520,      -5.164662672,      -3.006362789,      -2.797819766,      -2.776329688,      0.2870981404
          0,           0,         521,      -5.167131343,      -3.011932003,      -2.794913767,       -2.78039249,      0.2844099243
          0,           0,         522,      -5.165667249,      -2.988914217,      -2.792316696,      -2.785209798,      0.2864400292
          0,           0,         523,      -5.152638724,       -2.87618885,      -2.790067429,      -2.790704166,      0.3018478906
          0,           0,         524,      -5.147442106,      -2.835747609,      -2.788182046,      -2.796794434,      0.3126363653
          0,           0,         525,      -5.153786258,      -2.872333446,        -2.7866626,      -2.803531553,      0.3051202665
          0,           0,         526,      -5.151142289,      -2.857030229,      -2.785864115,      -2.810895796,      0.3081360278
          0,           0,         527,      -5.152873856,      -2.872137827,      -2.785420724,      -2.818617337,      0.3060482437
          0,           0,         528,      -5.155931403,      -2.899343076,      -2.785688693,      -2.826825917,      0.3009723746
          0,           0,         529,      -5.154311681,      -2.887775317,      -2.786228138,      -2.835228941,      0.3037723411
          0,           0,         530,      -5.150233507,      -2.861310697,      -2.787371121,      -2.843832159,      0.3096791989
          0,           0,         531,      -5.151424541,      -2.877307984,      -2.788897388,      -2.852300982,      0.3073449361
          0,           0,         532,      -5.153774865,      -2.898144419,      -2.791204097,      -2.860735438,      0.3037637913
          0,           0,         533,      -5.149997189,      -2.880106134,      -2.793892381,      -2.868784551,      0.3064702911
          0,           0,         534,      -5.148968418,      -2.864571801,      -2.797608996,      -2.876321688,      0.3109416865
          0,           0,         535,      -5.149892468,      -2.877428933,      -2.801311721,      -2.883105733,      0.3087863013
          0,           0,         536,      -5.152545536,      -2.894091172,      -2.805730477,      -2.889134368,      0.3053811364
          0,           0,         537,      -5.151925405,      -2.887549845,      -2.810119963,      -2.894125881,       0.306431935
          0,           0,         538,      -5.151340903,      -2.875715761,      -2.815417141,      -2.898070998,      0.3078449849
          0,           0,         539,      -5.152593988,      -2.883065875,      -2.820710054,      -2.900792321,      0.3059096608
          0,           0,         540,      -5.155534545,      -2.894837348,      -2.826663676,      -2.902400625,        0.30218688
          0,           0,         541,      -5.156115904,      -2.890680014,      -2.832600969,       -2.90278246,      0.3017332105
          0,           0,         542,      -5.157257109,      -2.883904749,      -2.839435427,      -2.902071238,      0.3009010393
          0,           0,         543,      -5.159372439,      -2.889306702,      -2.845921738,      -2.900208932,        0.29813542
          0,           0,         544,      -5.162589742,      -2.894085161,       -2.85254766,      -2.897571134,      0.2944273913
          0,           0,         545,      -5.164613492,      -2.894419839,      -2.858961145,      -2.894232689,      0.2921174258
          0,           0,         546,      -5.167251935,      -2.890584645,      -2.865251565,      -2.890270113,      0.2894915131
          0,           0,         547,      -5.170415562,      -2.896091429,      -2.871602959,      -2.885811354,      0.2856632932
          0,           0,         548,      -5.174106418,      -2.897114051,      -2.877672439,      -2.881224077,      0.2815896119
          0,           0,         549,      -5.177422809,      -2.900745788,      -2.883442367,       -2.87657602,      0.2777522438
          0,           0,         550,      -5.181120713,      -2.898753532,      -2.888584239,      -2.871956123,      0.2738501173
          0,           0,         551,      -5.184771252,      -2.903807222,      -2.893401768,      -2.867493695,      0.2695357812
          0,           0,         552,      -5.188828271,        -2.9038897,      -2.897830528,      -2.863362337,      0.2651235651
          0,           0,         553,      -5.192534484,      -2.907924129,      -2.901751249,      -2.859562817,       0.260846697
          0,           0,         554,      -5.196523006,       -2.90653609,      -2.905174404,      -2.856222944,      0.2566427064
          0,           0,         555,      -5.200142202,      -2.910886435,      -2.908005458,      -2.853364918,      0.2524334152
          0,           0,         556,      -5.204039808,       -2.91123286,      -2.910478539,       -2.85104498,        0.24826261
          0,           0,         557,      -5.207263779,      -2.914704465,      -2.912539921,      -2.849273007,      0.2445949114
          0,           0,         558,      -5.210774064,      -2.914189627,      -2.914230982,      -2.848064446,      0.2410137523
          0,           0,         559,      -5.213676796,      -2.917769932,      -2.915624965,      -2.847424542,      0.2377935318
          0,           0,         560,      -5.216662118,      -2.918503929,       -2.91687876,      -2.847330115,      0.2347924838
          0,           0,         561,      -5.218748785,      -2.921370507,      -2.917979648,      -2.847789638,      0.2325868483
          0,           0,         562,      -5.220888645,      -2.921274867,      -2.919033534,      -2.848760599,       0.230660524
          0,           0,         563,      -5.222422749,      -2.924183357,      -2.920140735,      -2.850213251,       0.229158511
          0,           0,         564,      -5.223966783,      -2.925181954,      -2.921359149,      -2.852061679,      0.2278935613
          0,           0,         565,      -5.224612996,      -2.927428539,      -2.922761899,      -2.854295683,      0.2274541861
          0,           0,         566,      -5.225190917,      -2.927566445,      -2.924422655,      -2.856819074,      0.2273387284
          0,           0,         567,      -5.225261659,      -2.929881269,       -2.92640161,       -2.85960323,      0.2275508703
          0,           0,         568,      -5.225483219,      -2.931067989,      -2.928674238,       -2.86251014,      0.2277791976
          0,           0,         569,      -5.225208705,      -2.932832609,      -2.931372471,      -2.865535902,       0.228417188
          0,           0,         570,      -5.224756926,      -2.932927161,      -2.934503421,      -2.868536376,      0.2294051772
          0,           0,         571,      -5.224061834,      -2.934607639,      -2.938109969,      -2.871494288,      0.2304578199
          0,           0,         572,      -5.223590623,      -2.935883005,      -2.942128586,      -2.874277397,      0.2313347396
          0,           0,         573,      -5.223004204,      -2.937214542,      -2.946521916,        -2.8768667,      0.2322479779
          0,           0,         574,       -5.22244369,      -2.937434267,      -2.951484025,      -2.879138156,      0.2332086535
          0,           0,         575,       -5.22191101,      -2.938260208,      -2.956918622,      -2.881079193,      0.2339850058
          0,           0,         576,      -5.221693422,      -2.939524663,      -2.962711449,      -2.882595957,       0.234414057
          0,           0,         577,      -5.221425263,      -2.939408673,      -2.968849368,      -2.883702296,      0.2348250438
          0,           0,         578,      -5.220583519,      -2.933490937,      -2.975400591,      -2.884296434,      0.2362972769
          0,           0,         579,      -5.221035146,          -2.93629,       -2.98238032,      -2.884457655,      0.2356283605
          0,           0,         580,      -5.221279627,      -2.934350941,       -2.98953227,      -2.884099209,      0.2356176651
          0,           0,         581,      -5.222685048,      -2.939089758,      -2.996769378,      -2.883354933,      0.2337554849
          0,           0,         582,       -5.22459221,      -2.947057005,      -3.004013801,      -2.882154078,      0.2312433537
          0,           0,         583,      -5.225610904,      -2.944167944,      -3.011473335,      -2.880635458,      0.2302439956
          0,           0,         584,      -5.227402472,      -2.947244704,      -3.018399754,      -2.878748393,      0.2280861941
          0,           0,         585,       -5.22948244,      -2.947022552,       -3.02544269,      -2.876678968,      0.2257476059
          0,           0,         586,      -5.231514831,      -2.949104281,      -3.032897879,      -2.874400095,      0.2233253344
          0,           0,         587,      -5.233944275,      -2.949007325,      -3.039771392,      -2.872046562,      0.2205545624
          0,           0,         588,      -5.236641178,      -2.952226346,      -3.045438365,       -2.86964815,      0.2173558743
          0,           0,         589,      -5.239651203,      -2.952405059,      -3.050697706,      -2.867321212,      0.2139291638
          0,           0,         590,      -5.242410956,       -2.95420162,      -3.055372987,      -2.865082929,      0.2107664627
          0,           0,         591,      -5.245446063,      -2.953973955,      -3.059849764,      -2.863068807,      0.2073834363
          0,           0,         592,      -5.248475953,      -2.956187667,       -3.06365233,      -2.861245546,      0.2039110204
          0,           0,         593,      -5.251899764,      -2.956616041,      -3.066119517,      -2.859743233,      0.2001547874
          0,           0,         594,      -5.254746728,      -2.957783731,      -3.067188242,      -2.858545026,      0.1969919347
          0,           0,         595,      -5.257737968,      -2.957166527,      -3.067530811,       -2.85773395,      0.1938525685
          0,           0,         596,      -5.260591054,      -2.958370682,      -3.067319676,      -2.857313119,      0.1907810372
          0,           0,         597,      -5.263727901,      -2.958567093,      -3.067028663,      -2.857353541,      0.1875646183
          0,           0,         598,      -5.266008709,      -2.958120321,      -3.066124917,      -2.857827784,      0.1852953835
          0,           0,         599,      -5.268390552,      -2.957336011,      -3.063895319,      -2.858781919,      0.1830661833
